No,DOOR1,DOOR2,Age,MillLikert,MillDummy,Male,Educ,Income,Race,InvCrypto,SafeInv,InvFut,InvAss,LikICO
1,0,0,4,2,1,1,4,3,NA,1,4,0,3,0
2,1,1,2,2,1,1,4,2,NA,1,4,0,2,0
3,1,0,3,2,1,1,5,2,NA,1,4,1,1,1
4,1,1,3,2,1,0,2,1,NA,0,4,0,3,0
5,0,0,5,2,1,1,4,3,NA,1,3,1,1,1
6,1,1,3,2,1,0,4,1,NA,0,4,0,2,0
7,1,1,4,2,1,1,5,4,NA,0,4,1,1,1
8,1,1,5,2,1,1,4,1,NA,0,4,0,2,0
9,0,1,6,3,0,1,4,2,NA,1,4,1,3,1
10,0,0,2,2,1,0,4,2,NA,1,4,1,1,0
11,1,1,2,2,1,0,2,1,NA,0,4,0,3,0
12,1,1,2,2,1,0,2,1,NA,0,4,1,1,0
13,1,1,3,2,1,0,2,1,NA,0,4,1,3,0
14,1,1,2,2,1,1,4,2,NA,1,4,0,3,1
15,0,0,5,2,1,1,5,3,NA,0,3,0,2,0
16,0,0,3,2,1,1,3,1,NA,1,4,1,1,1
17,1,1,6,3,0,0,2,1,NA,0,3,0,2,0
18,1,1,4,2,1,0,3,1,NA,0,4,1,3,1
19,0,0,4,2,1,1,4,2,NA,0,3,0,2,0
20,0,1,6,3,0,0,3,2,NA,0,4,0,3,1
21,0,0,6,3,0,0,2,4,NA,0,4,0,3,0
22,1,1,4,2,1,0,5,2,NA,0,4,1,3,1
23,0,1,6,3,0,0,4,2,NA,0,3,1,1,1
24,1,0,3,2,1,1,4,2,NA,0,4,1,3,1
25,0,0,2,2,1,0,4,2,NA,1,1,1,1,1
26,0,0,6,3,0,0,5,6,NA,0,3,0,2,0
27,0,1,6,3,0,1,4,4,NA,1,4,1,3,0
28,1,1,2,2,1,0,2,2,NA,0,3,1,2,1
29,0,1,2,2,1,1,4,1,NA,0,4,0,1,1
30,0,1,2,2,1,0,4,2,NA,0,4,0,2,0
31,1,1,3,2,1,1,2,2,NA,1,3,0,2,0
32,1,1,1,1,NA,0,2,2,NA,0,4,0,1,0
33,1,0,2,2,1,0,2,1,NA,1,2,1,4,0
34,0,1,3,2,1,1,2,1,NA,0,4,1,4,0
35,1,1,6,3,0,0,1,2,NA,0,3,1,2,1
36,0,1,5,2,1,0,3,1,NA,0,4,0,2,0
37,1,1,4,2,1,1,4,2,NA,0,3,0,2,1
38,1,1,2,2,1,1,4,3,NA,0,4,0,2,0
39,0,1,1,1,NA,1,1,2,NA,0,4,1,1,1
40,1,1,3,2,1,1,2,2,NA,1,4,1,3,1
41,1,1,3,2,1,0,4,1,NA,0,4,0,3,0
42,0,1,5,2,1,1,2,1,NA,0,4,0,3,0
43,1,1,6,3,0,0,5,3,NA,0,3,1,1,1
44,1,1,5,2,1,1,5,3,NA,0,4,0,2,0
45,0,0,4,2,1,1,4,1,NA,0,4,0,2,0
46,0,0,6,3,0,0,1,1,NA,0,4,0,1,0
47,1,1,6,3,0,1,4,1,NA,0,4,0,2,0
48,0,0,5,2,1,1,2,1,NA,0,4,0,2,0
49,0,0,2,2,1,1,4,1,NA,1,3,0,2,0
50,1,1,3,2,1,0,1,2,NA,0,4,0,3,0
51,0,1,2,2,1,0,4,1,NA,1,4,1,4,1
52,0,1,3,2,1,1,4,1,NA,0,1,0,1,1
53,1,0,2,2,1,0,5,1,NA,0,4,1,3,0
54,0,0,4,2,1,1,5,1,NA,0,3,0,2,0
55,1,1,3,2,1,1,4,1,NA,0,3,1,1,1
56,0,0,3,2,1,0,3,1,NA,0,4,1,4,0
57,0,0,1,1,NA,1,2,1,NA,0,3,0,2,0
58,0,1,6,3,0,1,5,6,NA,0,4,0,3,0
59,0,0,4,2,1,0,4,2,NA,0,4,0,3,0
60,1,1,3,2,1,0,5,1,NA,0,4,0,3,0
61,1,1,2,2,1,0,2,1,NA,0,4,0,3,1
62,0,1,3,2,1,1,2,3,NA,0,3,1,4,0
63,0,0,6,3,0,0,3,4,NA,0,4,0,3,0
64,0,0,5,2,1,0,4,4,NA,0,3,0,2,0
65,1,1,6,3,0,1,1,1,NA,0,4,0,2,0
66,0,0,5,2,1,0,2,1,NA,0,4,0,3,0
67,0,1,3,2,1,0,2,1,NA,0,1,1,1,1
68,1,1,3,2,1,1,4,2,NA,0,3,0,2,1
69,1,1,3,2,1,0,1,4,NA,0,4,0,3,0
70,0,1,6,3,0,1,4,2,NA,0,4,0,3,0
71,0,1,4,2,1,0,2,2,NA,0,1,1,1,1
72,0,0,5,2,1,1,4,5,NA,1,3,1,1,1
73,1,1,2,2,1,0,1,1,NA,0,4,0,3,0
74,1,1,5,2,1,0,1,1,NA,0,4,1,3,1
75,0,1,6,3,0,0,3,1,NA,0,4,0,3,0
76,0,1,5,2,1,0,4,4,NA,1,3,0,3,1
77,0,1,4,2,1,0,2,2,NA,0,1,1,1,1
78,0,0,5,2,1,0,2,2,NA,0,4,0,3,1
79,1,1,4,2,1,0,1,1,NA,0,4,0,2,0
80,0,0,6,3,0,1,4,1,NA,0,4,0,1,0
81,1,1,4,2,1,1,4,1,NA,1,3,0,2,0
82,0,1,6,3,0,0,4,6,NA,0,4,0,1,0
83,1,1,6,3,0,0,3,1,NA,0,4,0,3,1
84,1,1,2,2,1,1,2,1,NA,1,3,1,2,0
85,0,1,4,2,1,0,2,2,NA,0,1,1,1,1
86,1,1,3,2,1,0,3,2,NA,0,3,0,2,0
87,1,0,4,2,1,1,2,1,NA,1,3,1,2,0
88,1,1,5,2,1,1,2,1,NA,1,3,1,4,0
89,1,1,6,3,0,0,2,1,NA,0,4,0,3,0
90,1,1,2,2,1,1,3,1,NA,0,3,0,2,0
91,1,1,4,2,1,1,4,3,NA,1,1,1,1,1
92,1,1,5,2,1,1,3,1,NA,1,4,1,2,1
93,1,1,2,2,1,0,4,1,NA,0,4,1,1,0
94,1,0,4,2,1,0,4,1,NA,0,3,0,2,1
95,1,0,4,2,1,0,5,6,NA,0,3,0,2,0
96,1,1,3,2,1,0,4,1,NA,0,4,0,1,0
97,0,0,5,2,1,0,3,1,NA,0,4,0,2,0
98,0,0,4,2,1,1,4,2,NA,0,2,0,4,0
99,1,1,6,3,0,0,4,2,NA,0,4,0,2,0
100,0,0,4,2,1,0,4,3,NA,1,4,0,3,0
101,0,0,6,3,0,1,4,2,NA,0,4,0,3,0
102,0,0,2,2,1,1,4,2,NA,0,4,0,3,0
103,0,1,5,2,1,0,1,2,NA,0,4,1,2,1
104,1,1,4,2,1,1,4,3,NA,0,3,0,2,0
105,0,0,3,2,1,1,4,1,NA,1,4,0,1,0
106,1,1,3,2,1,0,4,1,NA,0,4,0,3,1
107,0,1,4,2,1,0,3,1,NA,0,3,0,2,0
108,1,1,3,2,1,0,5,2,NA,0,4,0,2,0
109,1,1,3,2,1,0,4,1,NA,0,3,0,3,0
110,1,0,6,3,0,1,4,6,NA,1,4,0,2,1
111,0,0,6,3,0,0,5,6,NA,0,2,0,3,0
112,1,0,3,2,1,1,2,1,NA,0,4,0,4,0
113,1,1,3,2,1,0,5,2,NA,0,4,0,3,0
114,1,1,4,2,1,1,5,4,NA,1,3,0,2,0
115,0,0,5,2,1,1,4,1,NA,0,3,0,2,0
116,1,1,2,2,1,0,5,1,NA,0,4,0,3,0
117,0,0,6,3,0,1,4,4,NA,0,4,0,3,0
118,1,1,2,2,1,1,2,1,NA,0,4,1,2,1
119,0,0,6,3,0,1,2,1,NA,0,4,0,3,0
120,0,1,3,2,1,1,4,4,NA,0,4,1,3,1
121,0,0,6,3,0,1,4,3,NA,1,4,1,1,1
122,0,0,1,1,NA,1,1,1,NA,0,4,0,2,0
123,1,1,6,3,0,1,5,3,NA,1,3,0,2,1
124,1,0,3,2,1,1,1,1,NA,1,4,1,1,1
125,1,1,4,2,1,0,4,1,NA,1,4,0,3,0
126,1,1,3,2,1,1,2,3,NA,1,3,0,2,0
127,0,1,5,2,1,0,5,4,NA,0,3,1,4,1
128,1,1,5,2,1,0,4,5,NA,0,3,1,1,0
129,1,1,5,2,1,0,2,1,NA,0,3,0,2,0
130,0,1,2,2,1,0,4,2,NA,0,4,0,1,1
131,1,1,4,2,1,0,4,2,NA,0,4,0,3,0
132,0,1,2,2,1,0,4,1,NA,0,4,1,1,0
133,0,1,4,2,1,1,4,1,NA,1,4,1,1,1
134,0,0,4,2,1,1,4,2,NA,1,4,0,3,0
135,0,0,5,2,1,1,3,2,NA,0,3,0,3,0
136,1,1,6,3,0,1,4,3,NA,0,3,0,2,0
137,0,0,6,3,0,0,2,1,NA,0,4,0,3,1
138,0,0,6,3,0,0,5,2,NA,0,4,0,3,0
139,0,1,4,2,1,0,5,1,NA,0,4,0,2,0
140,1,1,5,2,1,0,3,1,NA,0,4,1,1,0
141,0,0,3,2,1,0,4,3,NA,0,4,0,2,0
142,0,1,4,2,1,0,1,2,NA,0,4,0,3,0
143,0,0,6,3,0,0,5,4,NA,0,4,0,3,0
144,1,1,6,3,0,1,2,1,NA,1,3,0,2,1
145,0,1,6,3,0,0,2,1,NA,0,4,0,2,0
146,1,1,4,2,1,1,4,1,NA,0,3,0,2,0
147,1,1,3,2,1,1,4,2,NA,1,4,0,2,0
148,0,0,4,2,1,1,4,2,NA,1,4,1,2,1
149,0,0,4,2,1,1,5,1,NA,0,4,1,2,0
150,0,0,6,3,0,1,3,1,NA,0,3,0,2,0
151,1,1,1,1,NA,0,2,1,NA,1,4,0,2,0
152,1,1,4,2,1,1,4,1,NA,0,3,1,4,1
153,1,0,2,2,1,0,4,1,NA,0,3,0,1,0
154,1,1,4,2,1,1,3,1,NA,0,3,0,3,0
155,1,1,6,3,0,1,4,5,NA,1,3,1,2,1
156,0,0,6,3,0,0,4,5,NA,0,4,0,3,0
157,0,1,4,2,1,0,4,3,NA,0,4,0,2,1
158,1,1,3,2,1,1,2,1,NA,1,4,0,3,0
159,0,1,2,2,1,1,2,3,NA,1,1,1,2,1
160,0,0,3,2,1,0,4,6,NA,0,3,0,2,0
161,1,0,4,2,1,0,4,3,NA,0,3,0,2,0
162,0,0,5,2,1,0,4,6,NA,0,4,0,3,1
163,0,0,4,2,1,0,5,4,NA,0,4,0,3,1
164,1,1,5,2,1,1,2,1,NA,0,4,0,3,0
165,1,1,4,2,1,0,4,2,NA,0,4,0,3,0
166,1,1,4,2,1,1,5,1,NA,0,1,1,1,0
167,0,0,3,2,1,1,4,2,NA,0,3,0,2,0
168,1,1,6,3,0,0,4,2,NA,0,4,1,3,1
169,0,1,3,2,1,1,3,1,NA,0,1,0,1,0
170,1,0,4,2,1,1,1,1,NA,0,4,0,3,0
171,1,1,6,3,0,1,1,1,NA,0,3,0,2,0
172,1,1,6,3,0,1,4,1,NA,0,3,1,1,0
173,1,1,2,2,1,1,2,1,NA,1,2,0,3,0
174,0,0,4,2,1,0,1,1,NA,0,4,0,1,1
175,0,1,3,2,1,0,4,1,NA,0,4,0,1,0
176,0,0,6,3,0,0,3,1,NA,0,4,0,1,0
177,0,1,6,3,0,1,4,2,NA,0,4,0,2,0
178,0,0,4,2,1,1,5,2,NA,0,3,0,2,0
179,1,1,3,2,1,1,5,1,NA,1,4,0,2,0
180,1,0,4,2,1,0,2,2,NA,0,4,1,1,1
181,0,0,3,2,1,0,2,1,NA,0,4,0,3,1
182,1,1,3,2,1,1,5,2,NA,0,4,0,1,1
183,1,0,5,2,1,1,3,1,NA,1,4,0,2,0
184,1,1,4,2,1,1,4,3,NA,0,3,0,2,0
185,1,1,5,2,1,1,3,2,NA,1,3,1,2,1
186,0,1,6,3,0,0,2,2,NA,0,3,1,2,1
187,0,1,5,2,1,1,2,1,NA,1,4,0,3,0
188,0,0,6,3,0,1,2,1,NA,0,3,0,2,1
189,1,1,4,2,1,1,4,1,NA,1,4,1,2,0
190,1,0,3,2,1,0,4,1,NA,0,3,0,2,0
191,1,0,6,3,0,1,4,1,NA,1,3,0,2,1
192,1,1,5,2,1,0,1,1,NA,0,3,0,3,0
193,0,1,5,2,1,0,2,1,NA,0,1,1,1,0
194,1,1,4,2,1,0,5,3,NA,0,4,0,2,0
195,1,1,2,2,1,1,2,1,NA,0,4,0,3,0
196,1,1,2,2,1,1,2,3,NA,0,4,0,2,0
197,1,0,3,2,1,1,4,3,NA,1,4,1,2,0
198,1,1,5,2,1,1,4,1,NA,0,4,0,3,0
199,1,1,6,3,0,0,3,1,NA,0,3,1,4,1
200,1,1,4,2,1,1,3,2,NA,1,4,1,4,0
201,0,0,3,2,1,0,5,2,NA,0,4,0,3,0
202,1,1,4,2,1,0,4,2,NA,1,4,0,3,0
203,1,1,2,2,1,1,2,1,NA,0,4,0,2,0
204,0,0,5,2,1,1,4,1,NA,0,4,0,3,0
205,0,0,5,2,1,0,2,1,NA,0,1,0,1,0
206,0,1,4,2,1,0,5,2,NA,0,4,0,1,0
207,0,1,3,2,1,1,4,1,NA,0,3,0,3,0
208,1,0,3,2,1,0,3,1,NA,0,1,1,1,0
209,1,1,6,3,0,0,3,2,NA,0,3,0,2,0
210,0,0,5,2,1,0,4,6,NA,0,4,0,2,0
211,0,1,5,2,1,0,5,1,NA,0,4,0,3,0
212,0,1,3,2,1,0,2,1,NA,0,4,1,1,1
213,1,1,6,3,0,0,4,2,NA,0,4,1,3,1
214,1,1,3,2,1,1,4,2,NA,0,4,0,3,0
215,1,1,4,2,1,1,1,1,NA,0,1,1,1,1
216,0,0,5,2,1,1,5,5,NA,1,3,1,2,0
217,0,0,3,2,1,1,4,3,NA,0,1,1,1,1
218,0,0,1,1,NA,1,1,1,NA,1,3,1,4,1
219,1,1,3,2,1,0,2,1,NA,1,3,1,1,1
220,1,1,6,3,0,0,2,1,NA,0,4,0,3,1
221,1,1,2,2,1,1,4,2,NA,0,3,0,2,0
222,0,1,6,3,0,0,5,1,NA,0,3,0,3,0
223,1,1,2,2,1,1,2,1,NA,1,4,0,3,1
224,1,1,6,3,0,0,3,1,NA,0,3,0,2,0
225,0,0,5,2,1,1,2,3,NA,0,3,0,2,0
226,1,1,6,3,0,0,2,1,NA,0,3,0,2,0
227,0,0,6,3,0,1,5,1,NA,0,4,0,2,0
228,0,1,3,2,1,0,5,2,NA,0,4,0,4,0
229,1,0,4,2,1,0,1,1,NA,1,4,0,1,0
230,1,1,4,2,1,1,2,1,NA,0,3,0,2,0
231,0,1,4,2,1,0,4,1,NA,0,4,0,3,1
232,0,1,3,2,1,1,3,1,NA,0,4,0,2,0
233,1,1,6,3,0,0,3,2,NA,0,3,0,2,0
234,0,0,6,3,0,1,3,5,NA,1,4,1,2,1
235,0,1,5,2,1,0,5,6,NA,1,4,1,3,1
236,0,1,3,2,1,0,2,1,NA,0,4,0,2,0
237,0,1,4,2,1,1,4,1,NA,0,4,0,2,0
238,1,1,4,2,1,1,3,1,NA,1,3,1,2,1
239,0,0,3,2,1,1,4,1,NA,0,3,0,2,0
240,0,1,6,3,0,1,5,4,NA,0,3,0,2,1
241,1,1,6,3,0,1,2,4,NA,1,3,0,2,0
242,1,1,6,3,0,1,1,1,NA,0,1,0,1,0
243,1,1,3,2,1,0,1,1,NA,0,4,0,1,0
244,1,1,3,2,1,0,2,1,NA,0,4,0,1,0
245,1,1,4,2,1,0,4,1,NA,1,4,1,1,0
246,0,1,5,2,1,1,4,3,NA,0,3,0,2,0
247,1,1,1,1,NA,1,2,1,NA,0,4,1,2,0
248,1,1,2,2,1,1,2,1,NA,0,4,0,3,0
249,0,1,3,2,1,0,5,6,NA,1,3,1,2,0
250,0,0,6,3,0,0,5,3,NA,1,4,1,1,0
251,1,1,3,2,1,0,4,1,NA,0,3,0,2,0
252,0,0,6,3,0,0,1,2,NA,0,3,0,2,1
253,0,0,6,3,0,1,4,6,NA,0,3,0,2,0
254,1,0,3,2,1,1,1,1,NA,0,3,0,2,0
255,1,1,3,2,1,1,4,3,NA,0,3,0,2,0
256,1,1,6,3,0,1,3,1,NA,0,3,0,2,0
257,0,0,5,2,1,0,4,4,NA,0,3,0,2,0
258,0,1,6,3,0,0,2,1,NA,0,4,0,3,0
259,0,0,6,3,0,1,4,1,NA,0,3,0,2,0
260,0,0,6,3,0,0,5,2,NA,0,4,0,3,0
261,0,0,5,2,1,1,4,5,NA,1,3,1,2,1
262,0,1,6,3,0,0,3,1,NA,0,3,0,3,0
263,1,1,3,2,1,1,3,1,NA,1,4,1,4,0
264,1,0,2,2,1,1,4,2,NA,0,4,0,3,1
265,0,1,6,3,0,0,1,1,NA,0,4,0,3,0
266,1,1,4,2,1,1,4,2,NA,1,4,1,1,0
267,0,0,3,2,1,0,4,3,NA,0,3,0,2,0
268,1,1,4,2,1,1,1,1,NA,0,3,0,2,0
269,1,1,5,2,1,1,2,1,NA,1,1,1,1,1
270,0,0,3,2,1,0,5,3,NA,1,3,1,1,1
271,1,1,4,2,1,0,2,1,NA,0,4,0,3,0
272,1,1,4,2,1,0,4,1,NA,1,3,1,1,1
273,1,1,4,2,1,1,2,1,NA,1,3,1,1,1
274,0,1,6,3,0,1,4,2,NA,0,3,0,2,0
275,1,1,6,3,0,0,4,1,NA,0,4,0,2,1
276,0,1,2,2,1,0,4,3,NA,0,4,0,1,1
277,1,0,5,2,1,1,4,1,NA,1,3,0,2,1
278,1,1,3,2,1,0,4,1,NA,0,3,0,2,0
279,1,1,5,2,1,1,4,2,NA,0,3,0,2,1
280,0,1,6,3,0,0,4,2,NA,0,4,0,1,0
281,0,0,6,3,0,1,5,5,NA,0,4,0,2,0
282,0,0,3,2,1,1,4,1,NA,1,3,1,1,0
283,0,0,4,2,1,0,3,2,NA,1,3,0,2,1
284,0,1,3,2,1,1,4,1,NA,1,4,0,2,0
285,1,0,2,2,1,1,2,1,NA,0,1,1,1,1
286,0,1,5,2,1,0,4,1,NA,1,4,0,2,0
287,1,0,6,3,0,1,4,4,NA,0,3,1,2,0
288,1,1,6,3,0,0,4,1,NA,0,4,0,3,0
289,1,0,3,2,1,0,5,5,NA,1,1,1,1,1
290,1,1,6,3,0,0,2,1,NA,0,3,0,3,0
291,1,1,2,2,1,1,1,1,NA,0,4,1,3,0
292,0,1,6,3,0,0,2,1,NA,0,4,0,3,0
293,1,1,4,2,1,1,5,2,NA,1,4,0,1,0
294,0,1,6,3,0,0,5,1,NA,0,3,0,3,0
295,1,1,6,3,0,0,4,2,NA,0,4,0,2,0
296,0,1,6,3,0,1,4,1,NA,1,3,1,3,0
297,0,0,4,2,1,1,5,3,NA,1,4,1,2,1
298,0,0,3,2,1,1,5,4,NA,1,4,1,2,1
299,0,1,3,2,1,1,1,1,NA,0,4,0,1,0
300,1,1,6,3,0,0,2,1,NA,1,4,0,3,0
301,1,1,2,2,1,1,1,1,NA,1,4,1,3,1
302,1,1,6,3,0,1,4,3,NA,0,3,0,2,0
303,0,0,3,2,1,0,5,2,NA,1,4,1,2,1
304,0,0,2,2,1,1,2,1,NA,0,4,0,3,0
305,0,1,4,2,1,1,4,1,NA,1,4,0,3,0
306,1,0,5,2,1,1,4,6,NA,1,4,0,2,0
307,0,1,3,2,1,0,4,1,NA,0,4,0,3,0
308,0,0,6,3,0,1,1,1,NA,0,3,0,2,0
309,0,1,5,2,1,0,4,5,NA,1,4,1,1,1
310,0,0,5,2,1,0,4,2,NA,0,4,0,3,0
311,1,1,4,2,1,1,4,1,NA,1,3,0,1,0
312,0,1,6,3,0,1,4,2,NA,0,4,0,3,0
313,0,0,6,3,0,0,5,1,NA,0,4,0,3,0
314,1,1,6,3,0,0,3,2,NA,0,3,1,2,1
315,1,1,3,2,1,1,2,1,NA,1,1,1,1,1
316,1,1,3,2,1,1,4,2,NA,1,3,1,2,1
317,0,0,4,2,1,1,2,2,NA,1,4,0,4,1
318,1,1,6,3,0,0,1,1,NA,0,3,0,2,1
319,0,0,6,3,0,0,2,1,NA,1,4,1,1,1
320,1,1,2,2,1,0,3,1,NA,0,3,0,3,0
321,1,1,5,2,1,1,2,2,NA,0,3,0,2,1
322,0,0,5,2,1,0,4,5,NA,0,4,0,3,1
323,1,1,4,2,1,0,5,3,NA,0,4,1,3,1
324,0,0,5,2,1,1,4,2,NA,1,3,0,2,0
325,0,0,3,2,1,0,4,1,NA,1,4,1,1,1
326,0,0,5,2,1,0,4,3,NA,0,4,0,4,0
327,0,1,5,2,1,1,1,1,NA,0,4,0,2,0
328,1,1,3,2,1,1,4,1,NA,1,3,0,2,0
329,0,0,6,3,0,0,3,1,NA,0,1,1,1,1
330,0,0,3,2,1,1,4,2,NA,0,1,1,1,0
331,0,0,4,2,1,1,1,1,NA,0,4,0,3,0
332,1,1,4,2,1,0,3,2,NA,0,3,0,3,0
333,1,1,4,2,1,0,4,1,NA,0,3,1,3,1
334,0,0,5,2,1,1,2,6,NA,1,4,0,2,0
335,0,0,5,2,1,1,2,1,NA,0,3,0,3,0
336,0,1,6,3,0,0,4,2,NA,1,3,1,2,1
337,1,1,3,2,1,0,5,2,NA,1,4,1,3,1
338,0,0,6,3,0,1,4,1,NA,1,4,1,3,1
339,0,0,6,3,0,0,3,1,NA,0,3,0,2,0
340,1,1,5,2,1,1,4,4,NA,0,3,1,1,1
341,0,1,5,2,1,0,5,5,NA,0,3,0,1,0
342,0,1,4,2,1,1,4,1,NA,1,3,1,1,1
343,1,1,6,3,0,0,1,1,NA,0,3,0,2,0
344,0,1,4,2,1,0,5,4,NA,1,3,0,2,1
345,0,0,4,2,1,0,4,1,NA,0,3,0,2,0
346,0,1,4,2,1,0,1,1,NA,0,3,0,2,0
347,0,1,3,2,1,1,5,2,NA,0,4,0,3,0
348,1,1,4,2,1,1,1,1,NA,0,4,1,1,1
349,0,1,5,2,1,0,5,3,NA,0,3,0,2,0
350,1,1,4,2,1,1,5,1,NA,1,3,1,2,1
351,0,0,3,2,1,0,2,1,NA,0,4,0,3,0
352,1,1,6,3,0,0,4,1,NA,1,3,1,1,1
353,0,1,4,2,1,0,5,3,NA,0,4,1,1,1
354,1,0,3,2,1,1,4,1,NA,1,4,1,1,1
355,1,1,6,3,0,0,4,1,NA,0,4,0,3,1
356,0,0,4,2,1,1,4,4,NA,0,3,0,2,0
357,1,0,3,2,1,0,3,1,NA,0,4,0,3,0
358,1,1,6,3,0,1,5,6,NA,1,3,0,2,0
359,0,0,4,2,1,1,4,2,NA,1,3,0,2,0
360,1,0,6,3,0,0,5,4,NA,0,4,0,3,1
361,1,1,3,2,1,0,4,1,NA,1,4,1,1,1
362,1,1,3,2,1,1,2,1,NA,1,4,0,1,0
363,0,0,4,2,1,0,1,2,NA,0,4,0,3,0
364,0,1,2,2,1,1,2,1,NA,0,4,0,2,0
365,1,0,4,2,1,0,4,1,NA,0,1,1,1,1
366,0,1,4,2,1,1,4,2,NA,0,4,0,3,0
367,1,1,6,3,0,0,3,1,NA,0,3,0,2,0
368,0,0,3,2,1,1,4,2,NA,0,4,1,2,1
369,0,0,6,3,0,1,4,5,NA,0,4,0,2,1
370,1,1,3,2,1,0,5,2,NA,0,4,0,2,0
371,1,1,6,3,0,0,2,1,NA,0,4,1,3,1
372,1,1,4,2,1,0,2,2,NA,1,3,1,1,0
373,0,1,5,2,1,0,2,1,NA,0,3,0,3,0
374,1,1,5,2,1,1,4,5,NA,1,4,1,3,1
375,1,1,4,2,1,0,3,2,NA,0,3,0,3,0
376,0,0,4,2,1,0,4,2,NA,0,3,0,3,0
377,0,0,3,2,1,1,4,1,NA,1,1,1,1,1
378,0,0,2,2,1,0,5,3,NA,1,2,1,3,1
379,0,0,4,2,1,1,1,1,NA,0,4,0,3,0
380,0,1,3,2,1,1,4,3,NA,0,3,0,2,1
381,1,1,4,2,1,0,3,1,NA,0,4,0,3,0
382,1,1,5,2,1,1,4,1,NA,1,4,1,2,0
383,1,1,2,2,1,1,4,2,NA,1,3,0,2,0
384,1,1,5,2,1,1,4,2,NA,1,3,0,2,0
385,1,0,3,2,1,0,2,1,NA,0,4,0,3,0
386,0,1,3,2,1,0,2,1,NA,0,4,0,1,1
387,1,0,4,2,1,0,4,1,NA,0,4,0,1,0
388,0,1,4,2,1,0,4,3,NA,0,4,0,2,0
389,1,1,4,2,1,0,5,4,NA,1,1,1,1,0
390,1,1,6,3,0,1,4,2,NA,0,4,0,2,0
391,1,1,3,2,1,0,4,2,NA,0,4,0,2,0
392,0,0,4,2,1,1,5,1,NA,0,4,0,2,0
393,0,0,3,2,1,0,5,2,NA,0,4,0,3,0
394,0,1,3,2,1,1,4,1,NA,0,4,0,3,0
395,0,0,4,2,1,1,5,2,NA,0,3,0,2,0
396,1,1,3,2,1,0,1,1,NA,0,4,0,3,0
397,0,1,2,2,1,0,4,2,NA,0,4,0,2,0
398,0,0,3,2,1,0,5,2,NA,1,1,1,1,1
399,0,1,6,3,0,0,1,5,NA,0,4,0,3,0
400,0,1,6,3,0,0,2,2,NA,0,3,0,2,0
401,1,1,1,1,NA,1,2,1,NA,1,3,1,2,1
402,1,1,3,2,1,1,4,2,NA,1,4,1,1,1
403,1,1,3,2,1,1,4,2,NA,1,4,1,2,1
404,1,0,4,2,1,1,5,1,NA,0,3,0,2,1
405,1,1,2,2,1,0,3,1,NA,0,3,1,1,0
406,0,1,4,2,1,1,5,2,NA,0,4,0,2,0
407,1,1,5,2,1,1,3,1,NA,1,3,1,3,0
408,1,1,3,2,1,0,4,1,NA,0,4,0,1,0
409,0,1,4,2,1,0,5,3,NA,0,4,0,3,1
410,0,1,4,2,1,1,2,1,NA,0,3,0,2,1
411,1,1,3,2,1,1,1,1,NA,0,4,0,2,1
412,0,1,6,3,0,0,1,2,NA,0,4,1,3,1
413,0,0,3,2,1,1,5,5,NA,1,3,0,2,0
414,0,0,3,2,1,0,4,2,NA,0,4,0,3,0
415,1,1,6,3,0,1,5,3,NA,0,3,0,1,0
416,1,0,3,2,1,1,4,3,NA,1,3,1,2,0
417,0,0,4,2,1,1,4,2,NA,1,4,1,2,1
418,1,1,5,2,1,0,4,2,NA,0,3,0,3,0
419,0,1,3,2,1,1,4,1,2,0,3,0,2,0
420,1,1,6,3,0,1,4,3,2,1,3,1,2,0
421,1,1,3,2,1,0,1,1,3,0,4,1,2,1
422,1,0,4,2,1,1,5,3,2,1,4,1,1,1
423,0,0,2,2,1,0,3,1,2,0,3,0,2,0
424,0,0,6,3,0,1,4,6,3,0,3,0,2,0
425,1,1,6,3,0,0,2,1,2,0,3,1,1,0
426,1,0,2,2,1,1,4,1,4,0,3,0,2,0
427,0,0,5,2,1,0,4,3,2,0,4,0,2,0
428,1,1,3,2,1,1,2,1,3,1,1,1,1,1
429,0,0,5,2,1,0,4,2,2,0,3,0,2,0
430,0,0,6,3,0,1,5,3,2,1,4,1,1,1
431,0,1,3,2,1,1,4,1,3,1,1,1,1,0
432,1,1,2,2,1,0,3,1,2,0,4,1,1,1
433,0,1,4,2,1,0,5,6,2,0,4,0,2,1
434,0,0,2,2,1,0,4,2,2,1,4,1,1,0
435,0,0,6,3,0,0,3,1,2,0,4,0,2,0
436,1,1,4,2,1,1,1,1,2,0,4,0,3,0
437,0,0,6,3,0,0,2,1,2,0,4,0,3,0
438,1,1,5,2,1,0,4,2,2,0,4,0,3,1
439,1,1,6,3,0,0,2,3,2,0,4,0,3,0
440,1,1,5,2,1,1,4,2,2,0,4,0,2,0
441,1,0,1,1,NA,0,2,1,2,1,1,1,1,1
442,0,0,2,2,1,1,2,1,3,0,4,0,3,0
443,1,1,5,2,1,0,2,1,1,0,3,1,3,1
444,1,1,3,2,1,0,2,2,2,0,4,0,1,1
445,0,0,3,2,1,0,3,1,2,0,4,0,3,0
446,0,1,6,3,0,1,3,1,2,0,3,0,2,0
447,0,0,3,2,1,0,5,4,2,1,1,1,1,1
448,0,1,2,2,1,1,1,1,2,1,1,1,1,1
449,0,1,2,2,1,0,4,1,2,1,4,0,3,0
450,0,1,2,2,1,1,5,3,4,0,4,1,4,1
451,1,1,2,2,1,0,5,1,2,0,4,0,3,0
452,1,1,4,2,1,0,4,1,1,0,4,0,1,1
453,1,1,6,3,0,0,4,2,2,0,4,0,3,0
454,1,1,2,2,1,0,4,1,2,0,3,0,2,0
455,1,1,2,2,1,1,2,1,4,0,4,0,2,0
456,0,0,6,3,0,1,2,3,2,0,3,0,2,0
457,0,1,4,2,1,0,2,1,2,0,4,0,3,0
458,1,1,5,2,1,0,3,2,2,0,4,0,3,0
459,0,0,5,2,1,1,2,1,4,1,4,1,1,1
460,0,0,2,2,1,1,2,1,2,0,3,0,2,0
461,0,0,3,2,1,1,1,1,3,0,1,1,1,1
462,0,1,4,2,1,1,4,2,2,0,4,1,3,0
463,0,1,3,2,1,1,5,2,4,1,4,1,2,1
464,1,1,5,2,1,0,4,1,2,0,3,0,2,0
465,0,1,3,2,1,0,4,1,2,0,4,0,2,1
466,1,1,6,3,0,0,5,1,2,0,3,0,2,0
467,1,0,2,2,1,1,3,1,3,0,4,0,1,0
468,1,1,4,2,1,1,2,1,2,1,1,1,1,0
469,1,0,5,2,1,1,1,1,2,0,4,0,3,0
470,1,1,5,2,1,1,4,4,2,1,4,0,3,1
471,0,0,3,2,1,0,3,1,2,1,4,1,3,1
472,0,1,4,2,1,1,5,2,4,1,1,1,1,1
473,0,0,6,3,0,0,2,1,2,1,4,1,3,0
474,1,1,5,2,1,0,1,2,2,0,4,0,3,0
475,0,0,4,2,1,1,5,4,2,0,3,0,2,0
476,1,0,3,2,1,1,3,1,4,1,4,1,1,0
477,1,1,6,3,0,0,4,1,4,0,4,0,2,1
478,1,1,4,2,1,1,4,2,2,0,3,0,2,0
479,1,1,5,2,1,0,3,2,2,0,4,0,3,1
480,1,0,6,3,0,1,2,2,4,0,4,0,2,1
481,1,1,6,3,0,1,5,1,2,0,2,0,4,0
482,1,1,3,2,1,0,4,2,2,0,4,0,3,0
483,1,1,6,3,0,0,1,1,2,1,1,1,1,0
484,1,1,2,2,1,0,3,1,2,0,4,0,3,0
485,1,1,6,3,0,1,4,3,2,0,4,0,2,0
486,0,0,5,2,1,0,4,3,2,0,4,1,1,1
487,1,1,5,2,1,1,4,1,2,0,4,0,2,1
488,1,1,3,2,1,1,4,2,2,1,3,1,4,0
489,0,0,4,2,1,1,4,1,2,1,4,1,1,1
490,1,1,3,2,1,0,4,2,4,1,4,0,3,0
491,1,1,5,2,1,1,5,3,4,0,3,0,2,0
492,0,0,1,1,NA,1,2,1,4,0,4,0,2,0
493,1,1,5,2,1,0,2,1,2,0,4,0,3,0
494,0,0,5,2,1,0,2,2,1,0,4,1,1,1
495,1,1,3,2,1,1,5,3,1,1,1,0,2,0
496,1,1,2,2,1,0,1,1,1,0,4,0,3,0
497,1,0,5,2,1,0,2,1,1,0,4,0,3,0
498,1,1,5,2,1,1,4,2,2,0,3,0,2,0
499,1,1,5,2,1,1,4,3,2,1,3,1,2,1
501,0,0,2,2,1,1,3,1,2,0,3,1,2,1
502,1,1,6,3,0,0,3,1,2,0,4,0,3,0
503,1,1,6,3,0,1,4,2,4,0,3,0,2,0
504,0,1,6,3,0,0,5,1,2,0,3,0,2,0
505,1,1,4,2,1,0,4,1,2,0,4,0,2,1
506,0,0,6,3,0,0,3,5,2,0,4,0,3,1
507,0,1,4,2,1,0,2,1,2,0,4,0,2,0
508,1,1,6,3,0,1,2,2,2,0,3,0,2,0
509,0,1,2,2,1,1,2,1,1,0,4,0,3,0
510,0,0,2,2,1,1,2,1,2,1,3,0,2,1
511,0,1,2,2,1,0,4,1,4,0,4,0,2,0
512,0,0,3,2,1,0,4,2,2,0,4,0,2,1
513,1,1,6,3,0,1,2,1,2,0,3,1,4,1
514,1,1,4,2,1,1,4,2,2,1,3,1,2,1
515,1,1,6,3,0,1,2,1,2,1,3,1,1,1
516,1,1,3,2,1,0,2,2,2,1,4,0,1,0
517,0,0,6,3,0,1,4,3,3,0,4,1,2,0
518,0,1,6,3,0,0,4,2,2,0,3,1,2,1
519,1,1,6,3,0,1,5,3,2,0,4,0,2,0
520,0,0,3,2,1,0,5,4,2,1,4,1,3,1
521,1,1,6,3,0,1,5,1,5,0,4,0,3,0
522,0,1,4,2,1,0,5,1,1,0,4,0,2,1
523,0,0,4,2,1,1,4,1,2,0,4,0,1,1
524,1,1,6,3,0,0,2,1,2,0,3,1,2,1
525,1,1,5,2,1,0,4,6,2,0,3,0,2,0
526,0,0,4,2,1,1,4,2,1,1,4,1,1,1
527,0,1,3,2,1,1,4,2,3,1,3,1,4,1
528,0,0,3,2,1,0,5,2,2,0,3,0,3,0
529,0,1,5,2,1,1,4,4,4,1,3,0,2,1
530,0,1,6,3,0,0,3,1,2,0,4,0,3,0
531,1,1,6,3,0,1,2,1,5,0,4,0,2,0
532,0,0,3,2,1,1,4,3,2,1,4,1,3,1
533,1,1,6,3,0,0,2,1,2,0,4,0,3,0
534,1,0,5,2,1,0,5,2,4,0,3,0,2,0
535,1,1,5,2,1,0,2,2,3,0,3,1,2,1
536,1,1,6,3,0,0,5,1,1,0,4,0,3,0
537,1,0,6,3,0,0,4,1,4,0,4,0,3,0
538,1,1,6,3,0,1,5,1,2,0,3,0,2,0
539,1,1,5,2,1,1,4,4,2,0,4,1,1,0
540,1,1,3,2,1,1,5,3,4,1,3,0,2,0
541,1,1,5,2,1,1,5,5,1,1,3,0,2,0
542,0,0,3,2,1,1,4,2,2,1,1,1,2,1
543,0,0,4,2,1,0,4,2,4,1,4,1,1,1
544,1,1,4,2,1,1,5,2,2,1,3,0,2,0
545,0,1,1,1,NA,1,1,1,4,0,3,0,2,1
546,1,1,6,3,0,1,4,2,2,0,3,0,2,0
547,1,1,4,2,1,0,3,1,2,1,4,1,3,0
548,0,1,2,2,1,1,5,1,4,0,1,1,4,0
549,0,1,6,3,0,1,2,1,2,0,4,0,3,0
550,0,0,5,2,1,0,5,6,2,0,4,0,3,1
551,1,1,3,2,1,0,3,1,2,0,4,0,3,0
552,0,0,5,2,1,1,4,4,2,1,1,1,2,1
553,0,0,5,2,1,1,5,4,2,1,4,1,1,1
554,1,1,6,3,0,1,4,2,2,0,3,1,2,1
555,0,0,3,2,1,1,5,3,2,1,4,1,3,1
556,0,0,5,2,1,1,4,1,2,0,4,0,1,0
557,1,1,4,2,1,0,4,1,2,0,4,0,1,0
558,0,1,6,3,0,1,4,4,2,1,4,1,3,0
559,1,1,1,1,NA,0,2,1,2,1,4,0,3,0
560,0,0,3,2,1,1,3,1,2,0,4,0,3,0
561,1,1,5,2,1,0,1,1,2,0,3,1,3,1
562,1,1,3,2,1,0,4,3,1,1,4,1,3,1
563,1,1,3,2,1,1,1,1,2,0,4,0,1,0
564,0,0,6,3,0,1,5,6,4,0,4,0,2,0
565,0,1,1,1,NA,0,2,2,2,1,4,0,1,0
566,0,1,1,1,NA,0,2,4,3,0,3,0,3,0
567,1,1,4,2,1,0,3,1,1,0,4,0,3,0
568,0,1,2,2,1,1,4,2,4,1,3,1,1,0
569,1,0,6,3,0,0,5,6,2,0,4,0,3,0
570,0,1,4,2,1,1,4,2,4,1,1,1,3,1
571,0,1,6,3,0,0,2,1,2,0,4,0,3,0
572,0,0,2,2,1,1,4,2,2,0,4,0,2,0
573,0,0,4,2,1,1,4,6,2,0,3,0,2,0
574,1,1,2,2,1,0,4,1,1,0,4,0,2,0
575,0,0,6,3,0,0,4,1,3,0,3,0,3,0
576,1,0,4,2,1,1,3,3,2,0,4,0,1,1
577,0,1,3,2,1,0,3,3,2,0,4,1,3,1
578,1,1,4,2,1,1,2,1,2,0,4,0,3,1
579,1,1,6,3,0,0,4,1,2,0,4,0,2,1
580,0,0,6,3,0,0,3,3,2,0,4,0,2,1
581,1,0,6,3,0,1,4,1,2,0,4,0,3,0
582,1,1,6,3,0,0,2,1,2,0,1,1,1,1
583,0,0,3,2,1,1,1,1,2,1,4,1,1,0
584,0,0,4,2,1,0,5,2,2,0,3,0,2,0
585,1,1,3,2,1,0,4,2,2,0,4,0,3,0
586,1,1,4,2,1,1,3,1,2,0,4,0,3,0
587,1,1,3,2,1,0,1,1,2,0,4,0,3,0
588,1,1,6,3,0,0,4,2,2,0,4,1,1,1
589,0,1,3,2,1,0,4,5,2,1,4,1,3,1
591,1,0,5,2,1,0,2,2,2,0,4,0,3,1
592,1,1,6,3,0,0,4,6,2,1,4,0,3,0
593,1,0,6,3,0,1,2,2,2,0,4,0,3,1
594,0,1,3,2,1,0,4,3,2,1,4,1,3,1
595,0,1,2,2,1,1,2,6,4,1,4,0,1,0
596,0,1,4,2,1,0,4,1,2,0,4,0,3,1
598,1,1,6,3,0,1,2,1,2,0,4,0,2,1
599,0,0,4,2,1,1,4,3,2,1,4,1,3,1
600,0,0,6,3,0,1,4,3,4,1,3,0,2,0
601,0,1,3,2,1,1,4,5,4,1,4,1,3,0
602,1,0,3,2,1,0,4,1,4,0,3,0,2,0
603,1,1,5,2,1,1,3,2,3,1,1,1,2,1
604,1,1,5,2,1,0,2,1,2,0,3,0,2,0
605,0,1,3,2,1,1,5,1,2,0,3,0,2,0
606,1,1,6,3,0,1,3,4,3,0,3,0,2,1
607,1,1,5,2,1,1,5,3,2,0,3,0,2,0
608,0,0,3,2,1,1,4,3,1,1,1,1,1,1
609,1,1,4,2,1,0,2,2,1,0,3,0,2,0
610,1,1,3,2,1,1,2,1,1,1,3,1,1,1
611,1,1,3,2,1,1,4,1,1,0,4,0,2,0
612,1,0,4,2,1,0,4,1,1,0,4,1,3,1
613,1,1,6,3,0,0,2,1,2,0,4,0,3,1
614,1,1,5,2,1,1,3,1,1,0,4,1,1,0
615,1,1,3,2,1,0,1,2,2,0,3,0,3,1
616,0,0,5,2,1,0,5,5,1,1,3,0,2,0
617,0,0,6,3,0,1,1,3,2,1,3,1,1,0
618,0,1,2,2,1,0,2,4,3,1,4,0,3,0
619,0,1,2,2,1,1,2,5,4,1,4,1,3,1
620,0,0,4,2,1,1,4,4,2,1,1,1,1,1
621,1,1,2,2,1,1,4,1,1,1,3,1,2,1
622,0,1,3,2,1,0,4,3,2,0,4,1,2,1
623,0,0,2,2,1,0,5,2,2,1,4,1,3,0
624,1,1,3,2,1,1,4,1,3,1,1,1,1,1
625,0,0,6,3,0,1,2,1,2,0,3,0,2,0
626,0,1,6,3,0,1,2,1,2,0,3,0,2,0
627,1,1,3,2,1,0,1,1,2,0,4,0,1,0
628,0,1,6,3,0,1,4,2,4,0,3,0,3,0
629,1,1,3,2,1,1,4,4,2,1,4,1,1,1
630,0,0,3,2,1,0,4,1,3,0,3,0,3,1
631,1,1,3,2,1,1,5,1,4,0,4,0,3,0
632,1,1,2,2,1,0,4,1,3,0,4,0,2,0
634,0,1,6,3,0,1,4,1,2,0,3,0,2,0
635,0,0,6,3,0,1,4,3,2,0,3,0,2,0
636,0,1,3,2,1,0,4,1,3,0,4,0,3,0
637,0,0,6,3,0,1,4,1,3,0,3,0,3,0
638,0,1,4,2,1,0,1,2,2,0,4,0,3,1
639,0,1,3,2,1,0,4,3,2,0,4,1,4,1
640,0,0,3,2,1,0,2,1,2,0,4,0,3,0
641,0,1,5,2,1,0,4,1,2,0,4,0,3,0
642,0,1,5,2,1,1,2,4,2,0,3,0,2,0
643,1,0,6,3,0,1,5,2,2,0,4,0,3,1
644,0,0,2,2,1,0,4,1,2,0,4,0,1,0
645,0,0,3,2,1,1,3,1,2,1,4,1,3,1
646,0,1,2,2,1,1,4,1,2,0,3,0,2,0
647,1,0,3,2,1,0,4,6,4,0,4,0,2,0
648,1,0,5,2,1,0,2,2,2,0,4,0,3,0
649,0,0,5,2,1,0,2,2,2,0,4,0,3,0
650,1,0,2,2,1,1,2,1,2,0,4,0,3,0
651,0,1,4,2,1,0,5,3,4,0,4,0,2,0
652,0,1,2,2,1,1,4,2,2,0,3,0,2,1
653,0,1,4,2,1,0,4,4,3,0,4,0,2,0
654,1,1,3,2,1,1,4,2,2,0,4,1,3,1
655,0,0,2,2,1,0,4,1,3,0,4,0,2,0
656,1,0,2,2,1,0,3,1,2,0,4,1,3,1
657,1,1,5,2,1,0,2,1,2,1,3,0,3,0
658,1,0,2,2,1,0,4,2,4,0,4,1,3,1
659,1,1,4,2,1,1,2,1,1,1,3,1,1,1
660,0,1,6,3,0,0,1,3,2,0,4,0,2,0
661,1,1,3,2,1,0,2,1,2,0,4,0,3,1
662,1,1,3,2,1,0,3,2,1,0,4,1,1,0
663,1,1,2,2,1,0,1,1,5,0,3,1,3,1
664,0,1,6,3,0,0,2,2,2,1,4,0,3,1
665,1,0,6,3,0,0,3,1,2,0,3,0,2,0
666,0,0,4,2,1,0,4,3,2,0,4,0,2,0
667,1,1,5,2,1,1,2,1,2,0,4,0,3,0
668,1,1,3,2,1,0,2,1,1,0,4,0,3,0
669,1,1,6,3,0,0,3,1,2,0,4,0,2,0
670,1,1,5,2,1,0,2,1,2,0,4,0,3,0
671,1,1,3,2,1,1,1,1,2,0,4,1,3,0
672,1,1,3,2,1,1,4,2,4,1,4,1,1,1
673,0,1,5,2,1,0,4,1,4,0,4,0,2,1
674,1,1,2,2,1,0,4,1,4,0,3,0,2,0
675,1,1,4,2,1,1,2,2,2,0,4,0,3,0
676,0,1,6,3,0,0,4,2,3,0,4,0,2,0
677,1,1,2,2,1,0,4,1,2,0,4,0,3,0
678,1,1,3,2,1,1,5,1,2,0,3,0,2,0
679,0,1,1,1,NA,1,2,1,1,0,4,0,2,0
680,1,1,5,2,1,1,5,1,2,0,4,1,1,0
681,0,1,5,2,1,1,4,1,2,1,3,1,2,1
682,0,1,4,2,1,1,4,4,4,1,3,1,1,1
683,1,1,6,3,0,0,4,1,5,1,3,1,3,0
684,0,1,2,2,1,0,4,1,2,0,4,0,3,0
685,1,1,6,3,0,0,4,1,2,0,4,0,3,0
686,0,1,5,2,1,0,4,2,4,0,4,0,3,0
687,0,1,2,2,1,0,2,1,3,1,3,1,3,0
688,0,0,5,2,1,1,4,4,1,1,1,1,1,1
689,0,0,6,3,0,1,4,3,4,1,4,0,2,0
690,1,1,5,2,1,1,5,4,5,1,3,1,2,0
691,0,1,3,2,1,0,4,2,2,0,4,1,2,1
692,0,1,5,2,1,1,2,2,2,1,3,1,1,0
693,1,1,3,2,1,0,4,1,2,0,4,0,2,0
694,1,1,2,2,1,1,4,1,4,1,3,0,2,1
695,1,1,2,2,1,0,4,1,2,0,4,0,2,1
696,0,0,6,3,0,0,4,2,2,1,4,1,2,1
697,0,0,5,2,1,0,4,1,2,1,4,1,2,1
698,1,1,4,2,1,0,2,1,2,0,2,1,4,0
699,1,1,2,2,1,0,4,1,2,0,3,0,2,0
700,0,1,3,2,1,0,4,1,2,0,4,1,3,1
701,0,0,1,1,NA,0,2,1,2,0,4,0,3,0
702,0,1,5,2,1,0,4,2,2,0,1,1,1,0
703,0,1,3,2,1,0,3,1,1,1,3,1,3,1
704,1,1,6,3,0,1,5,3,2,0,3,1,1,1
705,1,1,6,3,0,1,2,1,1,1,2,1,4,1
706,0,0,2,2,1,1,3,2,4,1,3,1,2,0
707,0,0,6,3,0,1,4,2,2,1,3,1,2,1
708,0,1,6,3,0,1,2,1,2,0,4,0,2,0
709,0,0,4,2,1,0,4,1,2,1,4,1,1,1
710,0,0,4,2,1,1,4,3,4,1,3,0,2,0
711,1,1,6,3,0,1,5,3,2,0,3,0,2,0
712,0,0,6,3,0,1,5,3,2,1,3,0,2,0
713,1,1,6,3,0,0,4,1,2,0,4,0,2,0
714,1,1,2,2,1,0,4,2,2,0,3,0,2,0
715,0,1,3,2,1,1,2,2,2,0,4,0,2,0
716,1,1,2,2,1,1,2,1,1,0,4,0,3,0
717,1,1,3,2,1,1,4,1,4,1,3,1,2,1
718,0,1,6,3,0,1,3,1,2,0,1,0,1,1
719,1,1,2,2,1,0,4,1,2,0,4,0,3,0
720,1,1,3,2,1,0,4,4,2,0,4,0,3,1
722,0,0,3,2,1,1,3,2,2,1,2,1,4,0
723,1,0,3,2,1,0,2,2,2,0,4,0,3,0
724,1,1,4,2,1,1,5,2,2,0,3,0,3,1
725,1,1,6,3,0,0,4,3,2,0,3,0,2,1
726,1,1,2,2,1,0,2,1,3,0,1,1,1,1
727,1,1,3,2,1,0,4,1,4,0,1,0,1,0
728,0,0,4,2,1,1,1,1,2,0,4,0,3,0
729,1,1,6,3,0,1,2,5,2,1,3,0,4,1
730,1,1,6,3,0,0,2,1,2,0,3,1,2,1
731,1,1,2,2,1,1,3,1,2,1,3,1,2,0
732,1,1,4,2,1,0,4,1,1,0,1,1,1,1
733,0,0,3,2,1,1,4,3,2,1,2,1,1,1
734,0,0,5,2,1,0,4,2,2,1,3,0,2,1
735,1,1,6,3,0,0,4,1,4,0,4,1,2,1
736,0,1,4,2,1,1,1,2,2,0,4,0,2,1
737,0,0,4,2,1,1,4,1,5,1,2,1,4,0
738,0,0,6,3,0,0,3,2,2,0,4,1,1,1
739,1,0,3,2,1,1,4,2,2,0,4,0,2,1
740,1,1,4,2,1,0,5,2,1,0,4,1,1,1
741,0,0,4,2,1,1,2,2,2,1,3,0,2,1
742,1,1,6,3,0,0,4,2,2,0,3,0,2,1
743,0,0,4,2,1,0,4,3,2,1,1,1,1,1
744,0,0,6,3,0,1,3,3,2,0,3,0,2,0
745,0,0,6,3,0,1,4,3,3,0,3,0,2,0
746,1,0,4,2,1,0,2,1,1,0,4,1,3,1
747,0,1,3,2,1,1,2,1,2,0,4,1,1,1
748,1,1,5,2,1,0,1,1,2,0,3,0,2,0
749,1,1,5,2,1,0,1,1,2,0,4,0,3,0
750,0,0,6,3,0,0,1,5,2,0,4,0,3,1
751,1,1,3,2,1,0,4,1,2,1,4,0,3,0
752,1,1,6,3,0,1,3,1,1,0,3,0,2,0
753,0,0,3,2,1,1,3,1,5,1,2,1,4,1
754,0,1,5,2,1,0,1,3,3,0,4,0,2,1
755,1,1,2,2,1,1,2,1,2,0,4,0,3,0
756,1,1,5,2,1,1,2,1,2,0,3,0,2,0
757,0,0,4,2,1,0,2,1,2,0,4,0,3,0
758,0,1,6,3,0,1,2,1,2,0,4,0,1,1
759,1,1,6,3,0,0,3,1,1,0,1,0,1,0
760,1,1,6,3,0,0,3,1,2,0,3,1,1,0
761,1,1,6,3,0,0,3,1,1,0,1,0,1,0
762,0,0,2,2,1,1,4,2,2,1,3,0,3,0
763,1,1,6,3,0,0,3,2,1,1,3,0,2,0
764,1,1,4,2,1,1,4,2,1,0,1,1,1,1
765,1,1,3,2,1,0,4,1,4,1,1,1,1,0
766,0,1,6,3,0,0,5,3,2,0,4,0,2,1
767,1,1,1,1,NA,1,2,1,4,1,4,0,2,0
768,1,1,3,2,1,0,2,1,3,0,4,1,1,0
769,1,0,4,2,1,0,1,1,2,0,4,0,3,0
770,0,0,3,2,1,0,2,1,2,0,4,0,2,0
771,0,0,6,3,0,0,5,6,1,0,4,0,3,0
772,0,1,3,2,1,1,3,3,3,0,4,1,1,1
773,0,1,3,2,1,0,2,3,2,1,3,0,3,0
774,0,1,6,3,0,1,5,3,2,0,4,1,1,1
775,1,0,4,2,1,0,5,1,3,0,4,0,2,0
776,1,1,3,2,1,1,4,1,2,0,3,0,2,1
777,1,0,3,2,1,1,4,1,2,1,3,1,4,1
778,1,1,2,2,1,1,2,1,4,1,3,0,2,0
779,1,1,6,3,0,0,5,1,2,0,3,0,2,1
780,1,1,6,3,0,1,5,2,2,0,3,0,2,0
781,0,0,3,2,1,0,4,3,2,0,4,1,2,1
782,1,0,6,3,0,0,5,2,1,0,4,0,2,1
783,1,1,3,2,1,1,4,2,1,1,4,1,1,1
784,0,0,6,3,0,0,4,2,2,1,4,0,3,0
785,0,0,6,3,0,0,4,2,4,0,3,0,3,0
786,0,0,2,2,1,0,5,1,2,0,4,0,2,1
787,0,1,6,3,0,1,4,1,2,0,4,1,4,1
788,1,0,3,2,1,0,4,1,4,1,3,1,2,0
789,0,0,2,2,1,0,3,1,4,1,3,0,3,0
790,1,1,3,2,1,1,3,1,2,0,4,1,4,0
791,0,1,3,2,1,1,3,2,3,0,4,1,2,1
792,1,0,3,2,1,1,3,1,2,0,4,0,3,0
793,1,1,6,3,0,0,4,1,1,0,4,1,3,1
794,1,1,4,2,1,1,2,2,3,1,3,1,1,0
795,0,0,5,2,1,0,2,1,2,0,4,0,3,0
796,1,1,3,2,1,1,2,1,2,0,4,0,3,1
797,1,1,6,3,0,1,4,1,2,1,4,1,3,0
798,1,1,3,2,1,0,3,1,1,0,4,0,3,0
799,1,1,6,3,0,1,4,2,2,1,3,0,3,0
800,1,1,6,3,0,1,5,5,2,1,3,1,2,1
801,1,1,5,2,1,0,4,2,2,0,3,1,2,0
802,1,1,4,2,1,1,1,1,2,1,3,0,3,0
803,0,1,5,2,1,0,4,1,2,0,4,0,3,0
804,1,1,6,3,0,1,2,1,2,0,3,0,2,0
805,1,1,4,2,1,1,4,2,2,0,3,1,1,1
806,0,1,6,3,0,1,4,1,2,0,4,1,3,1
807,0,1,6,3,0,0,3,1,2,0,4,0,3,1
808,0,1,4,2,1,1,4,3,4,1,2,1,3,1
809,0,0,6,3,0,1,3,2,2,0,4,0,1,0
810,0,0,4,2,1,1,5,2,2,0,4,0,3,0
811,1,1,6,3,0,0,1,1,1,0,3,0,2,1
812,1,1,6,3,0,1,2,1,2,1,4,1,4,1
813,1,1,6,3,0,0,3,4,2,0,3,0,3,0
814,0,1,6,3,0,0,2,1,2,0,4,0,3,0
815,0,0,3,2,1,1,2,1,2,0,4,0,2,0
816,1,1,3,2,1,1,2,1,2,0,4,0,2,1
817,0,1,4,2,1,0,4,1,2,0,4,0,2,0
818,1,1,4,2,1,0,4,1,2,0,3,1,2,1
819,1,1,6,3,0,1,2,1,1,0,4,0,3,0
820,0,0,4,2,1,1,4,1,5,0,4,0,3,0
821,0,1,3,2,1,0,5,3,2,0,1,1,1,1
822,1,1,6,3,0,1,2,1,4,1,3,1,2,1
823,0,0,4,2,1,1,5,4,2,0,4,0,3,1
824,1,1,3,2,1,0,4,1,2,1,1,1,1,0
825,0,1,6,3,0,1,1,1,2,1,3,1,3,1
826,0,1,2,2,1,1,1,1,2,0,3,0,3,1
827,0,0,4,2,1,1,5,5,4,0,3,0,2,0
828,0,0,3,2,1,0,4,3,2,0,3,0,2,0
829,0,1,6,3,0,0,2,1,2,0,4,0,3,0
830,1,1,6,3,0,1,4,3,2,0,3,0,2,0
831,1,0,3,2,1,1,4,1,4,1,3,1,2,1
832,0,1,6,3,0,0,5,3,2,0,4,1,1,1
833,0,0,6,3,0,0,5,2,2,0,4,0,3,0
834,1,1,5,2,1,1,2,2,2,0,3,0,2,0
835,0,1,3,2,1,0,4,5,2,1,3,1,4,1
836,0,0,4,2,1,0,4,1,2,0,4,0,3,0
837,1,1,6,3,0,0,2,1,2,0,3,0,3,0
838,1,1,3,2,1,1,2,1,2,0,4,0,3,0
839,0,1,4,2,1,1,1,2,2,1,4,0,3,1
840,0,0,2,2,1,0,4,2,2,0,3,0,1,0
841,1,1,6,3,0,1,5,1,2,0,4,0,2,1
842,0,1,6,3,0,0,4,4,2,0,3,0,2,0
843,0,1,2,2,1,0,3,1,5,0,3,0,2,0
844,0,0,6,3,0,1,4,1,5,1,4,0,3,0
845,1,1,3,2,1,0,1,1,1,0,4,1,1,1
846,0,0,6,3,0,0,4,2,5,0,3,0,3,0
847,0,0,4,2,1,0,3,4,2,1,4,1,2,1
848,1,1,6,3,0,0,2,3,2,0,3,0,2,0
849,1,1,4,2,1,1,2,1,2,1,3,0,2,0
850,0,1,6,3,0,0,3,1,2,0,3,0,2,0
851,0,1,6,3,0,1,5,5,2,1,4,0,2,0
852,0,0,3,2,1,0,4,3,2,0,4,0,3,0
853,0,0,6,3,0,0,4,2,2,0,3,0,3,1
854,0,1,5,2,1,0,3,1,2,0,3,0,2,0
855,0,1,4,2,1,0,2,1,1,0,4,0,1,1
856,0,1,6,3,0,0,1,1,2,0,4,0,2,1
857,1,1,6,3,0,0,3,1,5,0,4,0,3,0
858,0,0,5,2,1,0,5,4,2,0,3,0,2,0
859,1,1,5,2,1,1,4,1,2,0,4,0,3,0
860,0,0,6,3,0,0,1,1,2,0,4,0,3,0
861,1,1,4,2,1,0,1,3,2,0,4,0,2,0
862,1,1,6,3,0,0,1,1,2,0,4,0,3,0
863,1,1,6,3,0,0,4,3,2,0,4,0,3,1
864,0,1,6,3,0,0,4,1,5,0,4,1,3,0
865,0,1,3,2,1,1,4,1,2,1,4,0,2,0
866,0,1,6,3,0,1,4,6,2,1,3,0,1,0
867,1,1,4,2,1,0,4,1,2,0,3,0,2,0
868,0,0,3,2,1,1,4,3,2,0,4,0,1,1
869,0,0,6,3,0,1,5,3,2,0,3,0,2,0
870,1,1,6,3,0,1,2,1,2,0,3,1,2,1
871,0,0,4,2,1,0,3,1,2,0,4,0,2,0
872,0,0,6,3,0,1,4,3,2,0,4,0,3,0
873,1,1,5,2,1,1,2,2,2,0,4,0,3,0
874,0,0,2,2,1,0,2,1,2,1,4,0,1,0
875,0,1,4,2,1,1,5,3,2,0,4,0,3,1
876,1,0,6,3,0,1,4,3,1,0,3,1,4,0
877,0,1,6,3,0,1,4,4,2,1,4,1,3,0
878,0,1,5,2,1,0,5,1,2,0,1,1,1,1
880,1,1,5,2,1,0,1,1,2,0,4,0,3,0
881,0,1,3,2,1,0,5,2,2,1,4,1,1,1
882,0,1,4,2,1,0,3,2,2,1,4,1,1,0
883,0,0,3,2,1,0,4,2,2,0,4,1,1,0
884,1,1,2,2,1,0,3,2,3,0,4,0,3,0
885,0,0,6,3,0,1,4,2,2,0,4,0,3,0
886,1,1,6,3,0,1,4,1,2,0,3,0,3,0
887,0,0,3,2,1,1,1,4,1,0,4,1,1,1
888,0,1,2,2,1,0,3,1,2,0,4,0,2,0
889,0,0,3,2,1,1,1,2,2,0,4,0,2,0
890,1,1,4,2,1,1,4,2,2,1,4,0,1,0
891,1,0,2,2,1,0,2,1,2,0,3,0,2,0
892,0,1,6,3,0,1,1,1,2,0,4,0,2,0
893,0,0,2,2,1,0,4,3,2,1,4,1,3,1
894,1,1,3,2,1,0,5,4,2,0,4,0,2,0
895,0,0,6,3,0,0,3,2,2,0,3,0,2,0
896,1,1,6,3,0,0,5,3,5,0,3,0,2,0
897,1,1,6,3,0,0,4,4,2,0,3,0,2,0
898,0,0,3,2,1,0,2,1,2,0,4,0,1,1
899,0,0,4,2,1,1,5,2,2,0,3,0,2,0
900,1,1,6,3,0,0,3,1,2,0,4,0,3,0
901,1,1,6,3,0,0,4,1,2,0,3,0,2,0
902,1,0,5,2,1,1,2,1,2,0,3,0,2,0
903,0,0,5,2,1,0,2,1,2,1,3,1,4,1
904,0,0,4,2,1,0,3,2,2,0,4,0,3,0
905,1,1,5,2,1,0,4,2,2,0,3,0,2,0
906,1,1,6,3,0,1,3,1,2,0,3,0,2,1
907,0,1,4,2,1,1,3,1,1,0,3,0,2,1
908,1,1,6,3,0,1,4,5,2,0,3,0,2,0
909,1,1,5,2,1,1,4,3,2,1,4,0,2,0
910,0,0,5,2,1,1,4,3,2,1,4,1,3,1
911,0,1,6,3,0,0,1,2,2,0,1,0,2,1
912,1,1,6,3,0,0,3,2,2,0,4,0,2,0
913,0,1,6,3,0,0,3,1,2,0,4,0,3,0
914,0,0,3,2,1,1,4,3,2,1,3,0,4,0
915,0,0,4,2,1,1,4,3,2,1,4,1,4,1
916,0,1,2,2,1,0,1,1,3,0,4,0,2,1
917,0,0,6,3,0,0,1,1,3,0,1,1,2,1
918,0,0,5,2,1,0,2,1,2,0,4,0,3,0
919,1,1,6,3,0,0,5,1,2,0,3,0,2,1
920,0,0,3,2,1,1,4,1,2,0,4,0,2,0
921,0,1,4,2,1,1,4,1,4,1,4,1,1,0
922,0,0,6,3,0,1,4,3,2,1,3,1,1,1
923,0,1,4,2,1,1,5,2,4,0,4,0,2,0
924,0,0,6,3,0,0,4,2,2,0,4,0,2,0
925,1,1,3,2,1,1,2,1,2,0,3,1,2,0
926,0,0,6,3,0,1,4,1,2,0,4,0,3,0
927,0,1,4,2,1,1,5,3,2,0,4,1,1,1
928,1,1,6,3,0,0,4,2,2,0,3,0,2,0
929,0,0,6,3,0,1,5,4,2,0,4,0,3,0
930,1,1,6,3,0,1,2,1,2,0,4,0,2,1
931,0,1,6,3,0,0,4,4,2,0,4,0,2,0
932,1,1,4,2,1,1,4,1,2,1,4,1,1,1
933,1,0,6,3,0,0,4,3,2,0,4,0,2,0
934,0,0,3,2,1,0,3,1,1,0,1,1,1,1
935,1,1,4,2,1,0,2,1,1,0,4,0,3,0
936,1,1,6,3,0,0,4,1,2,0,3,0,3,0
937,1,0,6,3,0,0,4,1,2,0,4,0,2,0
938,1,1,5,2,1,0,1,1,2,0,4,0,3,0
939,1,0,4,2,1,0,4,1,2,0,4,0,3,0
940,1,0,6,3,0,0,2,1,2,0,3,0,2,0
941,0,1,6,3,0,0,2,3,2,0,4,0,2,0
942,1,1,6,3,0,0,4,2,2,0,4,0,3,0
943,0,1,5,2,1,1,5,1,4,1,4,0,2,0
944,0,0,5,2,1,1,5,4,2,0,3,0,2,0
945,1,1,3,2,1,0,5,4,2,0,4,0,2,0
946,1,1,6,3,0,1,5,3,1,1,3,1,1,1
947,1,1,4,2,1,1,4,2,2,0,3,0,2,0
948,0,1,6,3,0,1,4,2,2,0,4,1,3,0
949,1,1,5,2,1,0,3,1,2,0,4,0,3,0
950,0,1,3,2,1,1,2,1,2,0,3,0,2,1
951,0,1,6,3,0,1,1,1,2,0,3,0,2,0
952,0,1,5,2,1,0,4,3,2,1,4,1,1,0
953,0,1,4,2,1,1,5,2,2,0,4,0,3,0
954,0,0,3,2,1,1,5,2,2,0,4,0,3,0
955,1,1,5,2,1,0,2,4,2,0,4,0,2,0
956,0,1,5,2,1,0,4,4,2,0,4,0,3,1
957,0,1,4,2,1,1,2,2,2,0,3,0,2,0
958,0,1,4,2,1,1,1,1,2,0,4,0,3,0
959,0,1,6,3,0,0,2,1,2,0,3,0,2,0
960,1,1,5,2,1,0,1,2,2,0,4,0,3,0
961,0,1,3,2,1,1,2,1,2,0,4,0,2,0
962,1,1,3,2,1,1,5,1,2,1,3,1,2,0
963,1,1,6,3,0,0,4,2,2,0,3,0,2,0
964,1,0,5,2,1,0,2,2,4,0,4,1,1,1
965,1,1,3,2,1,1,4,2,2,0,3,0,2,0
966,1,1,6,3,0,0,3,1,2,0,4,0,3,0
967,0,0,5,2,1,0,5,4,2,0,4,0,3,1
968,1,1,6,3,0,0,2,1,2,0,3,0,2,0
969,0,0,6,3,0,0,2,2,2,0,3,0,2,0
970,0,0,3,2,1,0,2,1,2,0,3,0,2,0
971,1,1,5,2,1,0,4,3,2,0,4,0,2,1
972,1,1,5,2,1,0,4,4,4,0,4,0,1,0
973,1,1,6,3,0,1,5,1,2,0,4,0,2,1
974,1,1,2,2,1,0,2,1,2,0,4,0,3,0
975,1,1,2,2,1,0,3,2,2,1,4,1,4,1
976,0,0,6,3,0,1,4,5,2,1,3,0,2,0
977,1,1,5,2,1,0,4,2,2,0,3,0,2,0
978,0,1,6,3,0,0,1,1,2,1,3,0,2,0
979,1,1,4,2,1,1,5,4,2,1,4,0,3,0
980,1,1,3,2,1,1,5,1,2,0,4,0,2,1
981,1,1,6,3,0,0,4,1,2,0,3,1,2,1
982,0,1,4,2,1,0,4,1,5,0,4,0,3,0
983,0,1,3,2,1,1,4,1,2,0,4,0,3,0
984,0,0,6,3,0,1,2,1,2,0,3,0,2,0
985,0,1,5,2,1,0,4,3,2,0,4,0,3,1
986,1,1,4,2,1,0,5,1,2,0,4,0,1,0
987,0,1,5,2,1,1,4,3,2,0,4,0,3,0
988,1,1,2,2,1,1,4,2,5,1,4,0,2,0
989,0,0,4,2,1,1,4,6,2,0,3,1,1,1
990,0,1,3,2,1,0,1,1,2,1,4,1,1,1
991,0,0,5,2,1,1,4,3,2,1,3,0,2,0
992,0,0,6,3,0,0,4,5,2,0,4,0,3,0
993,1,1,5,2,1,0,5,4,2,0,4,0,3,0
994,0,0,4,2,1,1,4,3,2,0,3,0,3,0
995,1,0,4,2,1,0,1,1,2,0,1,0,1,1
996,0,0,4,2,1,1,4,2,2,1,4,0,3,0
997,1,1,6,3,0,0,4,1,2,0,3,0,2,0
998,0,0,3,2,1,1,1,1,2,1,4,0,1,1
999,1,1,5,2,1,0,1,2,2,0,4,0,1,1
1000,1,1,6,3,0,0,5,3,2,0,4,0,3,0
1001,1,0,6,3,0,1,2,1,2,0,4,0,3,0
1002,1,1,4,2,1,1,4,1,2,0,3,0,2,0
1003,1,1,6,3,0,0,2,1,2,0,3,0,3,0
1004,0,1,3,2,1,0,2,2,2,0,3,0,2,1
1005,0,1,6,3,0,0,2,2,2,0,3,0,2,0
1006,1,1,4,2,1,0,4,1,4,0,4,0,3,0
1007,1,1,6,3,0,1,5,3,2,0,4,0,2,1
1008,0,1,5,2,1,0,3,3,2,0,3,1,1,0
1009,0,0,6,3,0,0,4,3,2,0,4,0,2,1
1010,0,1,4,2,1,1,5,1,2,0,3,0,2,0
1011,1,1,6,3,0,0,5,2,2,0,3,0,3,0
1012,0,0,4,2,1,0,5,3,5,1,4,0,2,0
1013,1,1,5,2,1,0,4,2,2,1,3,1,1,0
1014,0,0,3,2,1,0,3,1,2,1,4,0,1,0
1015,1,1,5,2,1,0,4,1,4,0,3,0,2,1
1016,1,1,2,2,1,0,4,1,2,1,4,0,3,0
1017,0,0,5,2,1,0,4,4,2,0,4,0,2,0
1018,0,0,5,2,1,1,4,4,2,0,4,0,2,1
1019,1,0,4,2,1,0,2,1,2,0,1,0,2,1
1020,0,1,4,2,1,1,4,2,2,0,4,0,3,0
1021,0,0,3,2,1,0,4,1,2,0,4,0,3,0
1022,0,0,3,2,1,1,3,1,2,0,4,0,3,0
1023,1,1,6,3,0,1,2,1,2,0,4,1,1,0
1024,0,0,4,2,1,0,2,1,2,0,3,0,2,0
1025,1,0,6,3,0,1,2,1,1,0,3,1,2,0
1026,0,0,4,2,1,0,4,6,2,0,4,0,3,0
1027,0,0,3,2,1,1,3,2,2,1,4,0,3,1
1028,0,1,4,2,1,0,2,3,3,0,4,0,3,0
1029,1,1,6,3,0,0,4,3,2,0,4,0,2,0
1030,1,1,6,3,0,1,4,1,2,0,4,0,3,0
1031,0,1,6,3,0,0,4,2,2,0,4,0,3,0
1032,0,1,6,3,0,1,2,1,2,1,3,0,2,0
1033,0,0,5,2,1,0,2,6,2,0,4,0,2,0
1034,1,1,6,3,0,1,4,4,2,0,4,0,2,0
1035,1,1,6,3,0,1,5,1,2,1,4,1,3,0
1036,1,1,4,2,1,0,5,3,1,0,3,1,3,1
1037,0,1,4,2,1,1,5,2,2,0,3,0,2,0
1038,1,0,6,3,0,1,5,6,2,0,4,0,2,0
1039,0,1,4,2,1,0,2,3,2,0,4,0,3,0
1040,0,0,5,2,1,0,2,2,1,1,1,1,1,0
1041,1,1,4,2,1,0,4,2,4,0,4,0,2,0
1042,0,1,4,2,1,1,5,3,2,1,4,0,2,0
1043,1,0,3,2,1,0,4,2,2,0,1,1,1,0
1044,0,0,2,2,1,1,4,1,2,0,4,0,3,0
1045,0,1,6,3,0,0,3,2,2,0,4,0,3,1
1046,1,1,3,2,1,1,2,1,2,0,3,0,2,0
1047,0,0,3,2,1,1,4,2,4,0,3,0,2,0
1048,1,1,3,2,1,0,5,3,2,0,4,1,4,1
1049,0,0,6,3,0,1,3,1,2,0,2,1,4,0
1050,0,1,3,2,1,1,2,1,1,0,4,1,3,1
1051,0,0,6,3,0,0,4,3,1,1,4,1,1,1
1052,1,1,4,2,1,0,4,1,1,0,4,0,3,0
1053,1,1,4,2,1,1,5,4,2,0,4,0,2,0
1054,1,1,5,2,1,1,4,3,2,1,3,1,2,1
1055,1,1,4,2,1,0,4,2,2,0,3,1,1,1
1056,0,0,4,2,1,0,4,1,2,0,4,0,2,0
1057,0,1,6,3,0,0,3,4,2,1,1,1,4,1
1058,1,0,4,2,1,1,4,2,4,1,4,0,3,1
1059,1,0,6,3,0,0,2,1,2,0,3,0,2,0
1060,0,0,4,2,1,1,4,3,2,1,3,0,2,0
1061,0,1,2,2,1,0,4,1,2,1,3,1,1,1
1062,0,0,6,3,0,1,4,1,2,0,3,0,2,0
1063,1,1,6,3,0,0,3,2,2,0,4,0,2,0
1064,1,1,6,3,0,0,1,1,2,0,3,0,2,0
1065,1,0,6,3,0,1,4,1,2,0,4,0,3,0
1066,0,1,6,3,0,1,4,3,2,1,3,1,2,0
1067,0,1,6,3,0,1,4,4,2,1,3,0,2,0
1068,1,1,2,2,1,1,4,1,2,0,3,1,1,1
1069,1,1,4,2,1,0,4,2,2,0,3,0,2,0
1070,1,1,5,2,1,0,4,2,2,0,1,1,1,1
1071,0,1,2,2,1,0,4,2,2,0,4,0,2,0
1072,1,1,3,2,1,1,5,1,2,0,3,0,2,0
1073,0,0,6,3,0,0,5,2,2,0,3,0,2,1
1074,1,0,4,2,1,0,4,1,2,0,4,0,1,0
1075,0,0,6,3,0,1,3,1,2,0,4,0,2,0
1076,0,0,3,2,1,0,5,3,2,0,4,0,3,0
1077,1,1,4,2,1,0,2,1,2,0,4,0,3,0
1078,1,1,3,2,1,0,2,1,2,0,3,0,3,0
1079,0,0,3,2,1,1,4,1,2,0,4,0,3,0
1080,0,0,4,2,1,1,5,3,2,0,4,0,2,0
1081,0,1,5,2,1,0,5,2,2,1,4,0,2,1
1082,0,0,4,2,1,0,3,1,2,0,3,0,2,1
1083,0,0,3,2,1,1,2,3,2,0,4,0,4,1
1084,1,1,5,2,1,1,2,2,2,0,3,0,2,0
1085,0,1,6,3,0,1,1,2,2,0,4,0,2,1
1086,1,1,4,2,1,0,4,3,1,0,4,1,1,1
1087,0,0,3,2,1,0,3,1,1,0,4,1,1,1
1088,0,0,3,2,1,1,4,1,2,0,3,0,3,1
1089,1,1,6,3,0,1,4,1,2,0,3,0,3,0
1090,0,1,2,2,1,0,4,1,2,1,4,1,4,1
1091,0,0,6,3,0,0,3,3,2,0,1,1,1,1
1092,0,0,6,3,0,1,5,4,2,1,3,1,1,1
1093,1,1,3,2,1,0,3,2,3,0,4,1,3,0
1094,0,0,5,2,1,1,5,2,2,0,4,0,3,0
1095,1,1,6,3,0,0,3,3,4,0,3,0,2,0
1096,0,0,4,2,1,0,4,1,2,0,4,0,3,0
1097,0,0,6,3,0,1,5,2,2,0,4,0,2,0
1098,0,1,6,3,0,1,4,2,2,0,4,0,2,0
1099,0,0,5,2,1,0,5,1,2,0,3,0,2,0
1100,1,0,6,3,0,0,5,2,2,0,4,0,2,0
1101,0,1,6,3,0,1,4,2,2,0,4,0,2,0
1102,0,0,6,3,0,1,3,4,2,0,4,0,3,0
1103,0,1,6,3,0,0,4,3,1,0,3,0,2,0
1104,1,1,6,3,0,0,4,3,2,0,3,0,2,1
1105,0,1,5,2,1,0,4,1,5,0,2,1,4,1
1106,0,1,5,2,1,1,2,1,2,0,4,0,3,0
1107,1,1,4,2,1,0,3,1,5,0,3,1,2,1
1108,1,1,6,3,0,0,5,1,4,0,3,0,2,0
1109,0,0,6,3,0,1,1,1,2,0,4,0,3,0
1110,1,1,4,2,1,1,4,2,2,1,4,0,2,0
1111,1,1,3,2,1,0,4,1,2,0,4,1,2,0
1112,0,1,3,2,1,1,1,3,2,0,4,0,2,0
1113,1,0,3,2,1,0,2,1,2,0,4,0,1,0
1114,0,1,5,2,1,1,5,2,2,1,4,1,1,0
1115,0,1,6,3,0,0,2,1,5,0,3,0,2,0
1116,1,1,3,2,1,0,2,1,2,0,4,0,2,0
1117,0,0,5,2,1,1,5,2,2,0,3,0,2,0
1118,1,1,6,3,0,1,4,3,2,0,4,0,3,0
1119,1,1,6,3,0,0,5,1,1,0,3,0,2,0
1120,0,1,4,2,1,1,5,5,1,0,3,1,2,1
1121,0,1,3,2,1,1,5,3,2,1,4,1,3,1
1122,0,0,6,3,0,1,2,1,2,0,3,0,2,0
1123,1,1,5,2,1,0,4,1,4,0,4,1,3,0
1124,0,0,4,2,1,0,3,3,2,0,1,0,1,0
1125,1,1,5,2,1,1,4,2,2,0,3,0,2,0
1126,0,0,4,2,1,1,4,1,2,1,3,1,3,0
1127,1,0,3,2,1,1,4,2,2,0,4,0,3,0
1128,0,0,6,3,0,0,1,1,2,0,4,0,3,0
1129,0,0,5,2,1,1,4,2,2,1,3,1,2,0
1130,1,1,4,2,1,1,4,1,2,1,1,1,1,1
1131,1,0,6,3,0,0,3,1,2,1,3,1,1,0
1132,1,1,6,3,0,1,2,1,2,0,3,0,2,1
1133,0,1,6,3,0,1,4,3,2,0,4,0,3,0
1134,1,0,6,3,0,1,4,4,2,0,3,0,2,1
1135,0,1,5,2,1,0,2,1,2,0,3,0,2,0
1136,0,1,3,2,1,0,4,1,2,0,4,0,3,0
1137,1,1,1,1,NA,1,2,1,2,1,4,0,3,0
1138,1,0,4,2,1,1,2,2,5,1,1,1,1,1
1139,0,1,6,3,0,0,4,1,5,0,4,0,2,0
1140,1,1,6,3,0,0,2,1,2,1,3,0,3,0
1141,1,1,4,2,1,1,3,1,4,1,3,1,2,1
1142,1,1,4,2,1,1,5,1,2,0,4,0,3,0
1143,1,1,3,2,1,1,4,1,2,1,3,1,3,1
1144,0,0,4,2,1,1,4,2,2,0,3,0,2,0
1145,1,1,3,2,1,0,4,1,1,0,4,0,2,0
1146,0,1,3,2,1,0,2,1,2,0,4,0,3,0
1147,0,1,4,2,1,1,4,1,2,1,4,1,1,1
1148,0,0,3,2,1,1,5,6,2,1,4,1,2,0
1149,0,0,3,2,1,1,4,3,2,1,2,1,3,1
1150,1,1,6,3,0,1,4,2,2,0,4,0,3,1
1151,0,0,3,2,1,0,4,2,4,1,4,0,3,1
1152,0,0,6,3,0,1,5,2,2,0,4,1,3,0
1153,1,1,5,2,1,0,5,1,2,0,4,0,3,0
1154,1,0,5,2,1,0,3,1,1,0,4,1,1,1
1155,0,0,4,2,1,0,1,1,2,0,4,0,3,0
1156,0,0,6,3,0,0,2,3,2,0,3,0,2,1
1157,1,1,5,2,1,1,3,2,2,0,4,0,3,0
1158,1,1,3,2,1,1,4,3,2,1,4,1,2,1
1159,0,0,4,2,1,0,2,1,1,0,3,0,2,0
1160,0,1,2,2,1,1,3,3,2,1,3,1,1,1
1161,0,0,2,2,1,0,1,1,2,1,3,0,2,0
1162,1,1,2,2,1,1,2,1,5,1,3,1,2,1
1163,1,0,6,3,0,0,5,5,2,0,4,0,3,0
1164,0,1,6,3,0,1,5,6,3,1,3,0,2,0
1165,0,1,4,2,1,1,2,4,2,1,3,1,4,1
1166,0,0,6,3,0,0,4,1,2,1,4,0,3,0
1167,0,0,4,2,1,0,5,6,2,1,1,1,3,1
1168,0,0,6,3,0,1,4,5,2,0,4,0,3,0
1169,0,0,6,3,0,1,5,2,2,0,3,0,2,1
1170,1,1,4,2,1,1,5,1,2,1,3,0,2,0
1171,0,1,6,3,0,0,5,1,2,0,4,0,2,0
1172,0,0,3,2,1,0,5,2,1,0,3,0,2,1
1173,1,1,3,2,1,1,4,2,2,0,4,0,3,0
1174,1,1,6,3,0,1,2,2,2,0,3,0,2,1
1175,0,1,6,3,0,0,5,2,2,0,4,0,3,0
1176,1,1,2,2,1,0,2,1,2,1,4,1,1,0
1177,0,1,4,2,1,1,5,1,1,0,4,1,3,0
1178,1,1,4,2,1,1,4,1,2,0,3,0,1,1
1179,1,1,2,2,1,0,3,1,2,0,4,0,3,0
1180,1,1,5,2,1,0,3,1,2,0,4,1,3,1
1181,0,1,6,3,0,1,3,1,2,0,4,0,3,0
1182,1,1,6,3,0,1,4,2,2,1,3,1,2,0
1183,0,0,5,2,1,1,2,2,2,1,4,1,3,1
1184,0,0,5,2,1,0,4,1,2,0,4,0,3,0
1185,1,1,6,3,0,1,4,2,2,1,4,0,3,0
1186,0,0,6,3,0,0,1,1,2,0,4,0,3,0
1187,1,0,4,2,1,1,5,1,1,0,4,0,2,0
1188,0,0,2,2,1,0,5,4,2,1,4,1,3,0
1189,0,0,4,2,1,1,4,3,2,1,4,1,2,1
1190,1,1,4,2,1,0,2,1,2,0,4,0,3,0
1191,1,1,2,2,1,1,3,3,4,0,3,0,2,0
1192,1,1,4,2,1,0,2,2,2,0,4,0,3,0
1193,0,1,6,3,0,0,3,1,2,0,4,0,2,0
1194,1,1,6,3,0,1,4,6,2,1,3,0,2,1
1195,1,1,5,2,1,1,4,6,2,0,3,0,2,0
1196,0,0,5,2,1,0,4,3,4,0,4,0,3,0
1197,1,1,3,2,1,1,4,2,2,1,3,1,4,1
1198,0,0,5,2,1,0,1,1,2,0,1,0,1,1
1199,1,1,3,2,1,1,4,2,2,0,4,0,3,1
1200,0,0,6,3,0,0,4,2,2,0,4,0,3,0
1201,0,0,5,2,1,1,4,2,2,0,3,0,2,0
1202,1,1,6,3,0,0,5,3,2,0,4,0,3,1
1203,0,0,3,2,1,0,4,3,2,1,3,0,1,1
1204,0,0,6,3,0,0,4,2,2,0,4,0,3,1
1205,0,0,4,2,1,0,4,5,2,1,3,0,2,0
1206,1,1,6,3,0,1,4,1,2,1,3,1,4,0
1207,0,0,3,2,1,1,4,2,4,0,4,0,3,0
1208,1,1,4,2,1,0,2,1,2,0,2,1,4,1
1209,1,1,4,2,1,0,2,1,2,0,2,1,4,1
1210,1,1,5,2,1,1,2,1,3,1,4,1,3,1
1211,1,1,3,2,1,0,4,1,2,0,4,0,3,1
1212,1,1,4,2,1,0,5,2,2,0,3,0,3,0
1213,0,1,3,2,1,1,4,3,2,0,4,0,3,0
1214,1,1,5,2,1,0,3,1,5,1,1,1,1,0
1215,1,1,6,3,0,1,3,1,4,0,1,1,1,1
1216,0,0,5,2,1,1,4,2,2,0,3,0,2,0
1217,0,1,6,3,0,0,4,2,2,0,3,0,2,1
1218,0,1,6,3,0,0,5,5,2,0,1,0,1,0
1219,1,1,2,2,1,1,1,1,2,0,4,0,3,0
1220,1,1,6,3,0,1,4,1,2,0,3,0,2,0
1221,0,0,6,3,0,0,1,2,2,0,4,0,3,0
1222,0,1,2,2,1,0,4,1,2,0,4,0,3,0
1223,0,1,5,2,1,1,3,1,4,0,4,0,3,0
1224,0,0,3,2,1,0,5,2,4,1,3,0,2,0
1225,0,1,4,2,1,0,4,1,2,1,3,0,2,0
1226,1,1,3,2,1,1,4,3,4,0,3,1,1,1
1227,0,1,4,2,1,0,1,1,2,0,4,0,3,0
1228,0,1,4,2,1,0,2,1,2,0,3,1,1,0
1229,0,0,3,2,1,1,4,1,2,1,3,1,2,0
1230,1,0,6,3,0,0,2,3,2,0,4,0,3,0
1232,1,1,5,2,1,0,3,4,2,0,4,0,3,0
1233,1,1,6,3,0,1,2,1,2,0,3,0,2,0
1234,0,1,4,2,1,0,1,1,2,0,4,0,3,0
1235,1,1,6,3,0,0,4,3,2,0,4,0,3,1
1236,0,1,3,2,1,1,5,3,2,1,4,1,4,0
1237,1,1,6,3,0,1,5,2,2,0,4,1,2,0
1238,1,1,5,2,1,0,4,1,2,0,3,0,2,1
1239,0,0,3,2,1,1,4,1,2,0,4,0,2,0
1240,1,1,4,2,1,0,4,1,2,0,4,0,4,0
1241,0,0,5,2,1,0,1,2,2,0,4,1,1,1
1242,1,1,2,2,1,0,3,1,2,0,4,0,2,0
1243,0,1,6,3,0,0,4,1,2,0,3,0,2,0
1244,0,0,6,3,0,0,4,3,2,0,4,0,2,0
1245,1,1,5,2,1,1,4,1,2,1,3,1,2,0
1246,0,1,4,2,1,1,5,5,2,0,4,0,3,0
1247,0,0,3,2,1,0,5,1,2,0,4,0,3,0
1248,1,1,5,2,1,1,1,1,2,0,4,0,3,0
1249,0,0,2,2,1,1,2,1,2,0,3,0,2,0
1250,1,1,2,2,1,0,5,1,2,0,3,0,2,0
1251,1,1,5,2,1,0,2,1,1,1,4,1,1,1
1252,0,1,2,2,1,0,3,1,2,0,4,1,1,1
1253,0,1,6,3,0,0,4,3,2,0,4,0,2,0
1254,1,1,5,2,1,1,2,1,2,0,3,1,2,1
1255,0,1,5,2,1,1,5,3,2,0,3,0,3,0
1256,0,1,6,3,0,0,5,1,2,0,4,0,3,0
1257,0,1,4,2,1,0,5,1,1,0,4,0,3,0
1258,0,0,6,3,0,0,4,1,2,0,3,0,2,0
1259,0,0,4,2,1,0,4,3,4,0,3,0,2,0
1260,0,0,6,3,0,1,3,2,2,0,3,0,2,0
1261,0,0,6,3,0,0,2,3,2,0,4,0,3,0
1262,1,1,2,2,1,0,2,1,1,1,3,1,3,0
1263,0,1,4,2,1,0,3,2,2,0,3,1,2,1
1264,0,1,6,3,0,0,4,1,4,0,3,0,2,1
1265,0,0,3,2,1,0,4,3,2,0,3,0,2,0
1266,1,1,6,3,0,0,4,2,2,0,4,1,1,1
1267,0,1,4,2,1,0,5,1,4,0,4,1,1,1
1268,1,1,6,3,0,0,4,1,2,0,4,0,3,0
1269,1,1,5,2,1,0,2,1,2,0,4,0,3,0
1270,1,1,6,3,0,0,2,2,2,0,3,0,2,0
1271,1,1,3,2,1,0,4,1,2,0,4,0,2,0
1272,0,0,3,2,1,0,4,2,2,0,1,1,1,0
1273,0,1,2,2,1,1,1,2,2,1,3,0,2,1
1274,0,0,4,2,1,1,1,1,2,1,3,1,3,1
1275,1,1,2,2,1,0,2,1,2,0,4,1,3,1
1276,1,1,4,2,1,1,4,3,2,0,4,1,2,0
1277,1,1,4,2,1,1,5,1,4,1,3,1,1,1
1278,1,1,2,2,1,0,2,1,2,0,3,0,2,0
1279,1,1,4,2,1,1,4,2,2,0,3,0,2,0
1280,1,1,4,2,1,0,4,5,4,1,2,0,3,0
1281,1,1,6,3,0,1,2,1,2,0,4,0,3,0
1282,0,0,6,3,0,0,1,1,2,0,3,0,3,1
1283,0,0,3,2,1,0,3,5,2,1,3,1,2,0
1284,1,1,6,3,0,0,4,1,2,0,3,0,3,0
1285,1,0,5,2,1,1,2,1,2,1,4,1,3,0
1286,1,0,6,3,0,0,2,1,1,0,4,1,3,0
1287,1,1,2,2,1,0,4,1,2,0,4,1,2,1
1288,1,1,4,2,1,0,4,1,2,1,4,0,2,0
1289,1,1,6,3,0,0,1,3,2,1,3,1,2,0
1290,0,0,4,2,1,1,4,1,2,1,4,1,3,0
1291,1,1,5,2,1,0,5,5,3,0,3,0,2,1
1292,0,1,4,2,1,0,5,3,2,0,4,1,3,1
1293,1,1,5,2,1,1,4,2,2,0,4,0,3,0
1294,0,0,3,2,1,0,4,1,2,0,4,0,3,1
1295,1,1,5,2,1,1,4,2,3,1,3,0,3,0
1296,0,0,2,2,1,0,3,1,2,0,4,0,3,0
1297,1,0,4,2,1,0,4,1,2,0,4,0,2,0
1298,1,0,3,2,1,1,2,1,2,0,4,0,3,0
1299,1,1,4,2,1,0,3,1,2,0,3,0,2,0
1300,1,1,4,2,1,0,3,1,5,0,4,1,1,0
1301,0,1,6,3,0,1,4,1,2,0,3,0,2,0
1302,0,0,5,2,1,0,4,2,2,0,4,0,3,0
1303,1,1,5,2,1,1,5,3,2,0,4,0,3,0
1304,0,0,5,2,1,1,2,1,2,1,3,0,2,0
1305,0,1,6,3,0,1,4,1,2,0,4,1,3,1
1306,0,0,4,2,1,1,5,2,2,0,4,0,2,0
1307,0,0,3,2,1,1,2,1,3,0,4,0,3,0
1308,1,1,3,2,1,1,3,1,2,0,4,0,2,0
1309,1,1,4,2,1,0,4,1,2,1,3,0,2,0
1310,0,0,3,2,1,0,2,1,2,1,4,0,2,0
1312,0,1,5,2,1,0,3,1,1,0,3,0,2,1
1313,0,1,2,2,1,0,2,1,2,0,4,0,2,0
1314,1,1,2,2,1,0,2,1,2,0,4,0,3,1
1315,0,1,2,2,1,0,4,3,4,1,3,0,2,1
1316,0,1,6,3,0,0,2,1,2,0,4,0,2,0
1317,1,1,4,2,1,0,1,1,1,1,1,1,1,1
1318,0,1,4,2,1,1,4,6,2,0,4,0,2,0
1319,1,1,5,2,1,1,4,5,1,1,1,1,1,1
1320,0,0,2,2,1,1,4,1,2,0,4,0,3,0
1321,0,0,6,3,0,0,3,1,2,0,3,1,4,1
1322,0,1,5,2,1,1,4,1,2,0,3,1,2,1
1323,1,1,6,3,0,1,4,2,2,1,3,1,2,1
1324,1,1,6,3,0,1,5,5,4,0,3,0,2,1
1325,1,1,6,3,0,0,4,3,2,0,4,0,2,0
1326,1,1,6,3,0,1,1,1,2,0,4,0,2,0
1327,0,0,6,3,0,0,1,2,2,0,4,0,1,0
1328,1,1,3,2,1,0,1,1,2,1,4,0,2,0
1329,1,1,4,2,1,0,4,3,2,0,4,0,2,0
1330,0,0,2,2,1,1,5,1,2,0,3,0,4,0
1331,1,1,3,2,1,0,2,1,3,0,4,0,1,0
1332,0,0,5,2,1,1,5,5,2,0,3,0,2,0
1333,1,1,3,2,1,0,4,1,2,0,4,0,3,0
1334,0,0,6,3,0,1,4,2,2,0,3,1,3,0
1335,0,0,6,3,0,0,3,1,2,0,4,0,1,0
1336,1,1,4,2,1,1,2,2,2,0,3,0,2,0
1337,1,1,3,2,1,0,4,1,2,0,4,0,2,0
1338,1,1,6,3,0,1,5,1,4,0,4,0,3,1
1339,1,1,3,2,1,0,4,1,2,0,4,0,4,0
1340,0,1,2,2,1,0,3,1,2,0,3,0,2,1
1341,0,0,6,3,0,0,3,1,2,0,1,1,1,1
1342,1,1,3,2,1,0,3,2,2,0,4,0,3,1
1343,0,1,5,2,1,0,2,1,1,0,3,1,2,1
1344,0,1,3,2,1,0,4,2,2,0,3,0,1,0
1345,1,1,5,2,1,1,1,2,2,0,3,0,2,0
1346,1,1,3,2,1,1,4,1,1,1,4,0,2,0
1347,0,1,4,2,1,0,5,5,2,0,3,0,2,0
1348,0,0,4,2,1,1,4,6,4,0,4,0,2,0
1349,0,1,4,2,1,1,4,1,5,0,3,0,2,0
1350,0,1,5,2,1,1,2,1,2,0,3,0,2,0
1351,0,0,6,3,0,0,2,1,2,0,4,0,3,0
1352,1,1,2,2,1,1,2,1,2,1,3,0,2,0
1353,1,1,4,2,1,0,3,2,2,0,4,0,3,0
1354,1,1,6,3,0,1,3,2,4,0,3,0,2,0
1355,1,0,6,3,0,1,4,1,2,1,1,1,1,1
1356,0,1,2,2,1,1,1,2,2,0,4,0,3,0
1357,0,1,5,2,1,1,2,2,3,0,1,0,2,1
1358,1,1,6,3,0,0,4,2,2,0,3,0,2,0
1359,1,1,6,3,0,1,3,2,2,0,4,0,3,0
1360,1,1,6,3,0,1,2,2,2,0,4,0,4,1
1361,0,0,6,3,0,0,5,4,3,0,3,0,2,0
1362,0,1,4,2,1,1,5,4,4,1,4,1,3,1
1363,0,1,4,2,1,0,2,3,2,0,3,0,2,0
1364,0,1,3,2,1,0,2,1,2,1,4,0,1,0
1365,0,0,4,2,1,1,4,2,2,0,4,0,3,0
1366,1,0,3,2,1,0,5,2,2,0,3,0,2,1
1367,0,0,4,2,1,1,4,6,2,1,3,0,2,0
1368,1,1,4,2,1,0,2,1,1,0,4,1,1,0
1369,1,1,6,3,0,0,2,1,2,0,4,0,3,0
1370,0,0,6,3,0,1,5,2,2,0,4,0,2,0
1371,1,1,3,2,1,1,4,3,2,0,3,0,2,1
1372,0,0,4,2,1,1,3,2,1,1,4,1,2,1
1373,0,1,5,2,1,0,4,1,4,0,3,1,2,1
1374,1,0,6,3,0,0,5,3,2,0,4,0,3,0
1375,1,1,6,3,0,0,1,1,2,0,4,0,3,1
1376,0,0,6,3,0,1,4,4,2,0,4,0,3,0
1377,0,0,6,3,0,0,3,2,2,0,4,1,3,1
1378,0,0,2,2,1,0,2,2,2,0,4,1,1,1
1379,1,1,6,3,0,0,5,3,2,1,3,0,2,1
1380,0,1,3,2,1,0,5,1,1,1,3,0,2,0
1381,1,1,3,2,1,1,4,1,2,0,1,0,1,0
1382,0,0,3,2,1,1,1,1,1,1,4,0,1,0
1383,0,1,2,2,1,1,1,1,1,1,3,0,1,0
1384,0,0,4,2,1,1,5,3,2,0,4,0,3,0
1385,1,0,3,2,1,1,4,2,2,1,4,1,4,0
1386,1,1,4,2,1,0,2,1,2,0,3,0,2,0
1387,1,0,2,2,1,0,4,1,4,1,3,1,1,0
1388,1,0,6,3,0,1,3,1,2,0,3,1,4,1
1389,1,0,3,2,1,0,4,3,2,0,4,1,1,1
1390,0,1,6,3,0,0,2,1,2,0,4,0,2,0
1391,1,1,6,3,0,0,5,5,2,0,3,0,3,1
1392,0,0,1,1,NA,0,1,1,2,0,4,1,3,1
1393,1,1,4,2,1,0,1,2,2,0,4,1,1,0
1394,1,1,5,2,1,1,5,2,2,0,3,1,2,0
1395,1,0,4,2,1,1,4,1,1,0,4,0,2,0
1396,1,0,2,2,1,0,2,1,2,0,3,1,2,0
1397,1,0,6,3,0,0,2,1,2,1,4,0,4,0
1398,1,1,5,2,1,0,3,1,2,0,4,0,3,0
1399,0,0,6,3,0,0,1,1,2,0,4,0,3,0
1400,0,0,5,2,1,0,2,2,2,0,4,0,3,0
1401,0,0,4,2,1,1,2,1,2,0,4,0,4,0
1402,0,1,4,2,1,1,5,4,2,0,3,1,2,0
1403,1,1,4,2,1,0,3,2,4,0,3,0,3,0
1404,1,1,5,2,1,0,2,1,2,1,3,1,1,0
1405,1,1,6,3,0,0,5,3,4,0,4,1,3,1
1406,1,1,6,3,0,0,2,1,2,0,3,0,2,0
1407,0,0,3,2,1,0,4,1,2,1,2,1,2,1
1408,1,0,6,3,0,0,5,3,4,0,4,0,3,0
1409,0,1,6,3,0,1,3,1,2,0,4,0,3,0
1410,0,0,6,3,0,0,5,1,2,0,4,0,2,0
1411,0,0,6,3,0,0,4,1,2,0,4,0,2,0
1412,0,1,6,3,0,1,4,2,2,0,3,0,2,0
1413,0,0,2,2,1,0,3,1,3,0,4,0,1,0
1414,1,1,3,2,1,0,4,1,2,0,4,0,3,0
1415,1,1,6,3,0,1,1,2,2,0,3,0,2,1
1416,0,1,3,2,1,1,4,3,3,0,3,0,2,1
1417,0,0,6,3,0,1,4,2,2,0,3,0,2,1
1418,1,1,6,3,0,1,5,6,,1,3,0,2,0
1419,0,1,3,2,1,0,2,1,2,0,4,0,2,0
1420,0,0,5,2,1,1,5,3,2,0,4,0,3,1
1421,1,1,5,2,1,1,1,1,2,0,3,0,2,1
1422,0,1,6,3,0,1,5,2,3,0,4,0,3,0
1423,0,1,3,2,1,0,4,2,4,1,4,0,2,0
1424,0,0,6,3,0,1,2,5,2,0,4,0,3,0
1425,0,1,5,2,1,1,5,1,2,0,3,0,2,0
1426,0,1,2,2,1,1,2,1,1,0,4,0,3,0
1427,1,1,6,3,0,0,1,1,2,0,4,0,2,0
1428,1,1,3,2,1,0,5,1,2,0,3,0,2,0
1429,0,0,6,3,0,0,2,1,2,0,4,0,3,0
1430,0,0,5,2,1,1,5,2,2,0,4,0,2,0
1431,1,1,4,2,1,0,5,2,2,1,3,1,4,1
1432,0,0,5,2,1,1,4,3,2,0,3,0,3,0
1433,1,1,6,3,0,0,3,1,2,0,3,0,2,0
1434,1,1,3,2,1,0,2,1,2,1,3,0,2,0
1435,0,0,4,2,1,1,3,1,1,1,1,1,1,1
1436,1,1,4,2,1,0,2,2,2,0,4,1,1,0
1437,0,1,6,3,0,0,4,1,2,1,1,1,1,1
1438,1,1,5,2,1,0,3,3,2,0,4,0,2,0
1439,0,0,4,2,1,0,4,1,2,0,3,0,3,0
1440,1,1,4,2,1,0,1,1,2,0,4,1,3,1
1441,0,0,3,2,1,1,4,6,2,1,4,0,2,0
1442,1,0,5,2,1,0,2,1,2,0,4,1,3,1
1443,0,1,3,2,1,0,5,2,2,0,4,0,2,0
1444,0,0,5,2,1,0,4,3,2,0,3,1,1,0
1445,0,0,4,2,1,0,4,1,2,0,3,1,2,1
1446,1,0,5,2,1,0,5,1,4,0,4,1,3,1
1447,1,0,3,2,1,1,3,2,2,0,4,0,1,0
1448,0,0,6,3,0,0,2,3,5,0,3,1,2,1
1449,0,0,5,2,1,1,3,1,2,0,3,0,2,1
1450,1,1,2,2,1,0,4,1,2,1,3,1,2,1
1451,1,1,5,2,1,1,4,3,2,0,4,1,3,1
1452,1,1,6,3,0,0,4,2,2,0,3,0,2,1
1453,1,0,3,2,1,1,4,1,2,1,2,0,4,0
1454,1,0,3,2,1,1,4,1,2,1,2,0,4,0
1455,0,1,2,2,1,0,4,1,2,0,4,0,3,0
1456,0,0,6,3,0,1,5,3,2,0,4,0,2,0
1457,1,1,5,2,1,1,5,1,2,0,4,1,3,1
1458,0,0,4,2,1,0,4,2,3,0,4,0,2,0
1459,1,1,6,3,0,0,5,4,2,0,4,0,2,1
1460,0,1,5,2,1,0,3,3,2,0,3,0,2,1
1461,1,0,3,2,1,0,1,2,2,0,3,0,2,1
1462,0,1,6,3,0,0,1,2,2,0,3,0,3,0
1463,0,1,6,3,0,0,2,1,2,0,4,0,3,0
1464,1,1,6,3,0,1,4,1,3,0,3,0,2,0
1465,0,1,6,3,0,0,4,1,2,0,4,0,3,0
1466,0,0,6,3,0,1,4,1,2,1,3,0,3,0
1467,1,1,6,3,0,0,4,1,2,0,4,0,3,0
1468,1,1,4,2,1,0,4,2,2,1,3,0,2,1
1469,0,0,4,2,1,1,5,6,2,0,4,0,2,0
1470,1,1,6,3,0,1,5,1,2,1,3,0,2,0
1471,0,0,4,2,1,1,4,2,4,0,3,0,2,1
1472,1,0,3,2,1,1,4,1,2,1,4,0,4,1
1473,0,1,4,2,1,0,5,4,2,0,4,0,3,0
1474,1,1,4,2,1,1,5,1,2,0,3,0,2,0
1475,1,1,4,2,1,1,2,1,2,0,4,0,3,0
1476,1,0,6,3,0,0,4,1,2,1,4,0,2,0
1477,0,1,5,2,1,1,4,1,2,0,4,0,3,0
1478,0,0,3,2,1,0,3,2,2,0,4,0,3,0
1479,1,0,4,2,1,1,4,4,4,1,4,0,3,1
1480,0,0,3,2,1,0,1,3,2,0,4,1,3,1
1481,0,0,3,2,1,1,4,1,2,1,2,1,1,1
1482,1,1,5,2,1,0,1,1,2,0,4,0,3,0
1483,1,1,5,2,1,0,5,1,1,0,4,0,2,0
1484,1,1,2,2,1,0,4,2,4,1,3,0,2,0
1485,1,1,6,3,0,1,4,1,4,0,4,0,3,0
1486,0,1,4,2,1,1,1,1,2,0,3,0,2,0
1487,1,0,2,2,1,0,2,1,2,1,3,1,2,0
1488,1,1,3,2,1,0,4,1,2,0,4,0,3,0
1489,1,1,4,2,1,1,4,4,2,0,4,0,3,0
1490,0,1,6,3,0,1,3,2,2,0,3,0,3,0
1491,0,1,4,2,1,0,1,2,3,1,1,0,1,0
1492,0,0,3,2,1,0,4,1,2,0,4,0,1,0
1493,0,0,3,2,1,1,2,3,3,1,4,1,4,1
1494,1,1,3,2,1,1,2,1,2,0,3,0,2,0
1496,0,0,2,2,1,0,4,2,2,0,3,0,2,0
1497,1,1,6,3,0,0,4,6,2,1,3,0,3,0
1498,1,1,2,2,1,0,2,1,2,0,4,1,1,0
1499,1,1,1,1,NA,0,1,1,2,0,4,0,1,1
1500,1,1,6,3,0,0,4,1,2,0,4,0,3,0
1501,0,1,5,2,1,1,4,1,2,1,4,1,4,1
1502,0,0,5,2,1,0,4,4,3,0,4,0,3,1
1503,1,1,3,2,1,1,5,2,2,0,4,0,2,0
1504,1,1,5,2,1,1,2,1,2,1,4,0,2,0
1505,0,0,5,2,1,1,4,3,2,0,4,0,3,0
1506,0,1,3,2,1,1,4,3,2,1,3,1,1,0
1507,1,1,6,3,0,0,4,2,2,0,3,0,2,0
1508,1,1,6,3,0,0,2,1,5,0,4,0,2,0
1509,1,1,3,2,1,0,4,1,1,0,4,0,3,0
1510,0,1,6,3,0,0,2,1,2,0,4,0,3,0
1511,0,0,3,2,1,0,4,1,2,0,4,0,1,0
1512,0,0,3,2,1,0,1,1,4,0,3,0,2,1
1513,0,0,6,3,0,1,4,1,2,0,4,0,3,0
1514,0,0,6,3,0,0,1,1,2,1,4,0,3,0
1515,0,1,2,2,1,1,3,2,3,1,4,1,1,1
1516,0,1,3,2,1,1,2,3,1,1,4,1,1,1
1517,1,1,6,3,0,0,3,1,2,0,3,0,2,0
1518,1,1,6,3,0,0,2,1,2,0,4,0,2,0
1519,1,1,3,2,1,0,4,2,2,0,4,1,3,1
1520,1,1,1,1,NA,0,1,1,2,0,1,1,1,0
1521,1,1,4,2,1,0,4,1,2,0,4,0,3,1
1522,1,1,6,3,0,1,2,1,1,0,3,1,2,1
1523,0,1,6,3,0,0,2,2,1,0,4,0,3,1
1524,0,1,6,3,0,0,4,5,2,0,3,0,2,1
1525,1,1,6,3,0,0,2,3,1,1,4,1,2,1
1526,0,1,5,2,1,0,3,2,1,0,4,0,2,1
1527,0,1,4,2,1,0,5,4,2,1,3,0,4,0
1528,0,0,6,3,0,1,2,1,2,0,2,0,4,0
1529,1,1,2,2,1,1,4,1,1,1,4,1,1,0
1530,0,0,3,2,1,1,5,3,2,1,2,1,4,0
1531,1,1,6,3,0,0,2,1,,0,4,1,3,1